     1                                      [map all ./lst/BASIC.MAP]
     2                                      [DEFAULT REL]
     3                                      BITS 64
     4                                  %include "./data/MEM.INC"
     1                              <1> 
     2                              <1> ;Simple char equates
     3                              <1> CR  equ 0Dh
     4                              <1> LF  equ 0Ah
     5                              <1> BSP equ 08h
     6                              <1> SPC equ 20h
     7                              <1> 
     8                              <1> 
     9                              <1> %macro breakpoint 0
    10                              <1>     xchg bx, bx
    11                              <1> %endmacro
    12                              <1> 
    13                              <1> progLineBlockType   equ 0   ;Program Line
    14                              <1> varBlockType        equ 1   ;Variable block
    15                              <1> datBlockType        equ 2   ;Data block (i.e. a string block)
    16                              <1> 
    17                              <1> notLastMemBlock equ "t" ;Used for blocks that are not the last block
    18                              <1> lastMemBlock    equ "r" ;Used by the last block to indicate end of chain
    19                              <1> 
    20                              <1> maxLineLen  equ 256
    21                              <1> 
    22                              <1> %macro memBlockM 0 ;Memory block Macro
    23                              <1>     .bSignature db ?      ;Valid Signature
    24                              <1>     .wBlockSize dw ?      ;Total block size in bytes
    25                              <1>     .bBlockType db ?      ;Block type, program line, variable or string
    26                              <1> %endmacro
    27                              <1> 
    28                              <1> struc memBlock
    29                              <1>     memBlockM
    23 00000000 ??                  <2>  .bSignature db ?
    24 00000001 ????                <2>  .wBlockSize dw ?
    25 00000003 ??                  <2>  .bBlockType db ?
    30                              <1> endstruc
    31                              <1> 
    32                              <1> struc progLineBlock
    33                              <1>     memBlockM               ;Common memory block header
    23 00000000 ??                  <2>  .bSignature db ?
    24 00000001 ????                <2>  .wBlockSize dw ?
    25 00000003 ??                  <2>  .bBlockType db ?
    34 00000004 ????                <1>     .wLineNum   dw ?      ;Line number, up to 65535
    35 00000006 ????????????????    <1>     .qPtr       dq ?      ;Pointer to the next line, or -1 if last line
    36 0000000E <res 100h>          <1>     .sLine      db maxLineLen dup (?)  ;Maximum length 255, keep null char but
    37                              <1>     ;                             NOT LINE NUMBER OR PRECEEDING SPACES
    38                              <1> endstruc
    39                              <1> 
    40                              <1> struc varBlock
    41                              <1>     memBlockM               ;Common memory block header
    23 00000000 ??                  <2>  .bSignature db ?
    24 00000001 ????                <2>  .wBlockSize dw ?
    25 00000003 ??                  <2>  .bBlockType db ?
    42 00000004 ????????????????    <1>     .qValue     dq ?      ;One value qword
    43                              <1>     .sVarName:              ;Up to 40 chars for the var name
    44                              <1> endstruc
    45                              <1> 
    46                              <1> struc stringBlock
    47                              <1>     memBlockM
    23 00000000 ??                  <2>  .bSignature db ?
    24 00000001 ????                <2>  .wBlockSize dw ?
    25 00000003 ??                  <2>  .bBlockType db ?
    48 00000004 <res 100h>          <1>     .string     db maxLineLen dup (?)    ;Strings allocate 256 chars
    49                              <1>     .sVarName:              ;Up to 40 chars for the var name
    50                              <1> endstruc
    51                              <1> 
    52                              <1> ;Variable equates
    53                              <1> intEquate   equ 0
    54                              <1> strEquate   equ 1
    55                              <1> 
    56                              <1> ;State byte equates
    57                              <1> breakBit    equ 1    ;Set means on
    58                              <1> traceBit    equ 2    ;Set means TRON, Clear means TROFF
    59                              <1> indirectBit equ 4    ;Set means indirect/program mode, Clear means direct/line mode
    60                              <1> ctrlFlow    equ 8    ;Set means do not find other expression on current line
    61                              <1> 
    62                              <1> ;Control Instruction Signatures
    63                              <1> WHILEsig    equ 055h
    64                              <1> FORsig      equ 05Ah
    65                              <1> GOSUBsig    equ 0A5h
    66                              <1> ;Control stack data structures
    67                              <1> 
    68                              <1> struc forStruct
    69 00000000 ????????????????    <1>     .specQword  dq ?  ;Special qword (see function description)
    70 00000008 ????????????????    <1>     .cntrPtr    dq ?  ;Pointer to counter variable
    71 00000010 ????????????????    <1>     .limitValue dq ?  ;At what value, or after, do we stop the loop 
    72 00000018 ????????????????    <1>     .stepValue  dq ?  ;By how much do we increase on each iteration
    73                              <1> ;Special qword:
    74                              <1> ; Byte 7 = Offset into the line for next instruction after FOR
    75                              <1> ; Bytes[6:5] = Line number of portion after FOR (either FOR line or line after FOR)
    76                              <1> ; Byte 4 = Offset into the line for next instruction after NEXT
    77                              <1> ; Bytes[3:2] = Line number of portion after NEXT (either NEXT line or line after NEXT)
    78                              <1> ; Byte 1 = Parity check sum for the qword, makes the sum of the bytes in qword 0
    79                              <1> ; Byte 0 = FOR signature
    80                              <1> endstruc
    81                              <1> 
    82                              <1> struc whileStruct
    83 00000000 ????????????????    <1>     .specQword  dq ?  ;Special qword
    84                              <1> ;Special qword:
    85                              <1> ; Byte 7 = Offset into the line for the condition to evaluate
    86                              <1> ; Bytes[6:5] = Line number of WHILE 
    87                              <1> ; Byte 4 = Offset in line for either first : after WEND or ASCII NULL (end of line)
    88                              <1> ; Bytes[3:2] = Line number of WEND
    89                              <1> ; Byte 1 = Parity check sum for the qword, makes the sum of the bytes in qword 0
    90                              <1> ; Byte 0 = WHILE signature
    91                              <1> endstruc
    92                              <1> 
    93                              <1> struc gosubStruct
    94 00000000 ????????????????    <1>     .specQword  dq ?  ;Special qword
    95                              <1> ;Special qword:
    96                              <1> ; Byte 7 =  Offset in line for either first : after GOSUB or ASCII NULL (end of line)
    97                              <1> ; Bytes[6:5] = Line number of GOSUB 
    98                              <1> ; Bytes[4:2] = 055AA55h space filler signature
    99                              <1> ; Byte 1 = Parity check sum for the qword, makes the sum of the bytes in qword 0
   100                              <1> ; Byte 0 = GOSUB signature
   101                              <1> endstruc
   102                              <1> 
   103                              <1> ;Stack based macros
   104                              <1> %macro makeSpaceOnStack 1
   105                              <1>     ;The argument is to specify how much space to make on the stack
   106                              <1>     ;It will check to ensure that we dont go past the stack minimum.
   107                              <1>     ;If we do, call stack overflow!
   108                              <1>     pop rax    ;Get the return address qword into rax
   109                              <1>     shl %1, 3  ;Multiply argument register by 8
   110                              <1>     sub rsp, %1 ;Clear space on the stack plus one qword for ret addr
   111                              <1>     lea rbp, stack
   112                              <1>     cmp rsp, rbp
   113                              <1>     ja .macroNotOverflow ;If rsp above overflow buffer, its oki
   114                              <1>     lea rbp, stkOvflw
   115                              <1>     jmp criticalError
   116                              <1> .macroNotOverflow:
   117                              <1>     ;rsp now points to the start of the cleared space
   118                              <1>     ;Put the return address back on the stack
   119                              <1>     push rax
   120                              <1> %endmacro
   121                              <1> 
   122                              <1> %macro cleanSpaceOnStack 1
   123                              <1>     ;The argument is to specify how much space to reclaim from the stack
   124                              <1>     pop rax
   125                              <1>     shl %1, 3   ;Multiply argument register by 8
   126                              <1>     add rsp, %1
   127                              <1>     push rax
   128                              <1> %endmacro
     5                                  Segment .text align=1 valign=1
     6                                  %include "./src/MAIN.ASM"
     1                              <1> start:
     2 00000000 E81A020000          <1>     call ttyClear   ;Clear the teletype
     3                              <1>     ;Memory stuff
     4 00000005 488D2D90150000      <1>     lea rbp, mainmsg
     5 0000000C E8E4010000          <1>     call ttyOutString
     6 00000011 488D2D9B150000      <1>     lea rbp, cpyrt
     7 00000018 E8D8010000          <1>     call ttyOutString
     8 0000001D 4889E5              <1>     mov rbp, rsp    ;Pass the original stack pointer to the function
     9                              <1> 
    10 00000020 48892D(D00E0000)    <1>     mov qword [maxMemAddr], rbp
    11 00000027 488D35(00000000)    <1>     lea rsi, section.programArea.vstart
    12 0000002E 488935(C80E0000)    <1>     mov qword [minMemAddr], rsi
    13 00000035 4829F5              <1>     sub rbp, rsi    ;Get the number of bytes in the memory arena
    14 00000038 4889E8              <1>     mov rax, rbp
    15 0000003B E8A1120000          <1>     call printdecimalword   ;Preserves rax and rsi
    16                              <1> ;Now we sanitize this memory arena. Consider moving into newProgram
    17                              <1> ; so that when we reset, we also refresh the memory arena.
    18 00000040 4889F7              <1>     mov rdi, rsi
    19 00000043 89C1                <1>     mov ecx, eax
    20 00000045 31C0                <1>     xor eax, eax
    21 00000047 F3AA                <1>     rep stosb
    22 00000049 488D2D9F150000      <1>     lea rbp, bytemsg
    23 00000050 E8A0010000          <1>     call ttyOutString
    24 00000055 488D25(900D0000)    <1>     lea rsp, stacktop    ;Reinitialize stack pointer
    25 0000005C E8B8090000          <1>     call newProgram         ;Use this to reset program pointers
    26 00000061 C605(D90E0000)00    <1>     mov byte [stateByte], 0 ;Init the byte to 0
    27                              <1>     
    28 00000068 488D15BA000000      <1>     lea rdx, ctrlBreakHandler
    29 0000006F B023                <1>     mov al, 23h         ;CTRL+C handler
    30 00000071 E8BC000000          <1>     call setHandler
    31                              <1> mainLoop:
    32                              <1> ;Entering here resets the program counter but doesnt remove the program from memory
    33 00000076 668B05(F20E0000)    <1>     mov ax, word [firstLinNum]  ;Error occured, restart the program counter
    34 0000007D 668905(F40E0000)    <1>     mov word [currentLine], ax
    35                              <1> 
    36 00000084 FC                  <1>     cld                 ;Set default string op direction
    37 00000085 488D25(900D0000)    <1>     lea rsp, stacktop    ;Reinitialize stack pointer
    38 0000008C 8025(D90E0000)FE    <1>     and byte [stateByte], 0FEh  ;Clear the break bit
    39 00000093 488D2DFD140000      <1>     lea rbp, prompt
    40 0000009A E856010000          <1>     call ttyOutString
    41 0000009F 488D05D0FFFFFF      <1>     lea rax, mainLoop
    42 000000A6 50                  <1>     push rax    ;Save address on stack
    43                              <1> .ml0:
    44                              <1> ;This section will execute an input line if it is an interactive expression
    45                              <1> ; or store it in the program if it has a line number.
    46                              <1> ;It will keep accepting lines until a line is entered without a line number
    47 000000A7 E88B000000          <1>     call getLineInput
    48 000000AC 488D35(980D0000)    <1>     lea rsi, inString   ;Point to the string for the below!
    49 000000B3 E801120000          <1>     call decimalToHex   ;Check to see if we have a valid line number
    50 000000B8 6685C0              <1>     test ax, ax
    51 000000BB 750C                <1>     jnz .saveLine
    52                              <1> ;Here we execute the line, move rsi to the start of the line
    53 000000BD 488D35(980D0000)    <1>     lea rsi, inString
    54 000000C4 E9D0010000          <1>     jmp runLine
    55                              <1> .saveLine:
    56                              <1>     ;ax has the line number
    57 000000C9 6689C2              <1>     mov dx, ax
    58 000000CC E856130000          <1>     call searchForProgramLine
    59 000000D1 4881FBFFFFFFFF      <1>     cmp rbx, -1
    60 000000D8 751D                <1>     jne .commonProc ;If not equal, line must exist, continue
    61 000000DA E8D3020000          <1>     call spaceSkip  ;Skip all the prceeding spaces
    62 000000DF 803E00              <1>     cmp byte [rsi], 0  ;Is the first non space char the end of the string?
    63 000000E2 742D                <1>     je .lineDoesntExist
    64                              <1>     ;So we have a new line that isn't empty, allocate a new block for this line
    65 000000E4 E86E120000          <1>     call allocateBlock  ;Return a default block in rbx
    66 000000E9 C6430300            <1>     mov byte [rbx + progLineBlock.bBlockType], progLineBlockType
    67 000000ED 66894304            <1>     mov word [rbx + progLineBlock.wLineNum], ax
    68 000000F1 66C743010E01        <1>     mov word [rbx + progLineBlock.wBlockSize], progLineBlock_size
    69                              <1> .commonProc:
    70                              <1>     ;If the line already exists, simply override the stored string
    71                              <1>     ;rbx has a pointer to the block
    72 000000F7 E88C140000          <1>     call strlen ;Get the string length
    73 000000FC 488D7B0E            <1>     lea rdi, qword [rbx + progLineBlock.sLine]  ;Get address here
    74 00000100 E87A140000          <1>     call strcpy ;Copy the program string to the program block
    75 00000105 56                  <1>     push rsi
    76 00000106 4889DE              <1>     mov rsi, rbx    ;Move the block into rsi
    77 00000109 E83D130000          <1>     call insertProgramLine
    78 0000010E 5E                  <1>     pop rsi
    79 0000010F EB96                <1>     jmp short .ml0
    80                              <1> .lineDoesntExist:
    81 00000111 488D2D4F150000      <1>     lea rbp, lineNoXist
    82                              <1> ;For any error, syntax or otherwise, come here
    83                              <1> criticalError:
    84                              <1> ;Called with rbp pointing at error message
    85 00000118 E8D8000000          <1>     call ttyOutString
    86 0000011D C605(D90E0000)00    <1>     mov byte [stateByte], 0 ;Reset the state byte
    87 00000124 E94DFFFFFF          <1>     jmp mainLoop    ;Trash input line, restart line input
    88                              <1> 
    89                              <1> ctrlBreakHandler:
    90 00000129 800D(D90E0000)01    <1>     or byte [stateByte], 1  ;Set the byte
    91 00000130 48CF                <1>     iretq
    92                              <1> setHandler:
    93                              <1> ;Called with:
    94                              <1> ;   rdx = Pointer to interrupt handler
    95                              <1> ;   al = Interrupt number
    96 00000132 B425                <1>     mov ah, 25h
    97 00000134 CD21                <1>     int 21h
    98 00000136 C3                  <1>     ret
     7                                  %include "./src/TTY.ASM"
     1                              <1> getLineInput:
     2                              <1> ;Null terminates the string that was input, replacing the ending CR!
     3                              <1> ;Parses the input so that all chars are uppercased except those enclosed in speechmarks
     4 00000137 30E4                <1>     xor ah, ah
     5 00000139 8825(D80E0000)      <1>     mov byte [strLen], ah   ;Zero the char counter
     6 0000013F 488D3D(980D0000)    <1>     lea rdi, inString   ;Move to start of line
     7 00000146 4889FE              <1>     mov rsi, rdi
     8 00000149 57                  <1>     push rdi
     9 0000014A B900010000          <1>     mov ecx, maxLineLen
    10 0000014F 30C0                <1>     xor al, al    ;Ensure the input line is sanitised
    11 00000151 F3AA                <1>     rep stosb
    12 00000153 5F                  <1>     pop rdi
    13 00000154 31C9                <1>     xor ecx, ecx    ;Use cl as a counter for speech marks, which dictates UC-ing chars
    14                              <1> .getChar:
    15 00000156 E8BC000000          <1>     call ttyIn
    16 0000015B 3C0D                <1>     cmp al, CR ;Carriage return
    17 0000015D 7462                <1>     je .gliExit
    18 0000015F 3C0A                <1>     cmp al, LF
    19 00000161 74F3                <1>     je .getChar ;Ignore line feed chars
    20 00000163 3C08                <1>     cmp al, BSP ;Bspace
    21 00000165 7417                <1>     je .glibspace
    22 00000167 803D(D80E0000)FE    <1>     cmp byte [strLen], -2   ;If at max length (255 chars), simply beep and wait for either bspace or enter
    23 0000016E 7461                <1>     je .gliFull 
    24 00000170 3C22                <1>     cmp al, byte '"'
    25 00000172 7406                <1>     je .gspchMk
    26 00000174 84C0                <1>     test al, al
    27 00000176 7447                <1>     je .gliExtendedChar
    28 00000178 EB2D                <1>     jmp short .gliCheckCase
    29                              <1> .gspchMk:
    30                              <1> ;Here if a speech mark.
    31 0000017A FEC1                <1>     inc cl      ;Speech mark hit, inc count
    32 0000017C EB29                <1>     jmp short .gliCheckCase
    33                              <1> .glibspace:
    34 0000017E F605(D80E0000)FF    <1>     test byte [strLen], -1  ;This will only be zero if strLen=0
    35 00000185 74CF                <1>     jz .getChar
    36 00000187 48FFCF              <1>     dec rdi ;Go back by one position in the input line
    37 0000018A FE0D(D80E0000)      <1>     dec byte [strLen]
    38 00000190 B008                <1>     mov al, BSP
    39 00000192 E852000000          <1>     call ttyOutChar
    40 00000197 B020                <1>     mov al, SPC  
    41 00000199 E84B000000          <1>     call ttyOutChar
    42 0000019E B008                <1>     mov al, BSP
    43 000001A0 E844000000          <1>     call ttyOutChar
    44 000001A5 EBAF                <1>     jmp short .getChar
    45                              <1> .gliCheckCase:
    46                              <1>     ;al has char
    47 000001A7 E83D000000          <1>     call ttyOutChar ;Echo the char as is, but store it uppercase if cl is even
    48 000001AC F6C101              <1>     test cl, 1      ;UC char if cl is even only
    49 000001AF 7505                <1>     jnz .gStore
    50 000001B1 E827000000          <1>     call ucChar
    51                              <1> .gStore:
    52 000001B6 AA                  <1>     stosb   ;Increment the pointer, add char to buffer
    53 000001B7 FE05(D80E0000)      <1>     inc byte [strLen]   ;Inc char count
    54 000001BD EB97                <1>     jmp short .getChar
    55                              <1> .gliExtendedChar:
    56                              <1>     ;Currently, extended chars do nothing, 
    57                              <1>     ; eventually add F1-F10 functionality
    58                              <1>     ; and arrow key support
    59 000001BF EB95                <1>     jmp short .getChar
    60                              <1> .gliExit:
    61 000001C1 488D2D35140000      <1>     lea rbp, crlf
    62 000001C8 E828000000          <1>     call ttyOutString
    63 000001CD C60700              <1>     mov byte [rdi], 0   ;Null terminate string here
    64 000001D0 C3                  <1>     ret
    65                              <1> .gliFull:
    66 000001D1 B007                <1>     mov al, 07h
    67 000001D3 E811000000          <1>     call ttyOutChar
    68 000001D8 E979FFFFFF          <1>     jmp .getChar
    69                              <1> 
    70                              <1> ucChar:
    71                              <1> ;Input: al = Char to uppercase
    72                              <1> ;Output: al = Adjusted char 
    73 000001DD 53                  <1>     push rbx    ;Save on original stack
    74 000001DE 50                  <1>     push rax    ;Put the word on the stack
    75 000001DF B813120000          <1>     mov eax, 1213h  ;Uppercase the char in al
    76 000001E4 CD2F                <1>     int 2fh
    77 000001E6 5B                  <1>     pop rbx     ;Pop off the word we placed on the stack
    78 000001E7 5B                  <1>     pop rbx     ;Get back original rbx
    79 000001E8 C3                  <1>     ret
    80                              <1> 
    81                              <1> ttyOutChar:
    82 000001E9 52                  <1>     push rdx
    83 000001EA 88C2                <1>     mov dl, al
    84 000001EC B800020000          <1>     mov eax, 0200h   ;Output char!
    85 000001F1 CD21                <1>     int 21h
    86 000001F3 5A                  <1>     pop rdx
    87 000001F4 C3                  <1>     ret
    88                              <1> ttyOutString:
    89                              <1> ;Print 0 terminated strings
    90                              <1> ;Input: rbp -> String
    91 000001F5 53                  <1>     push rbx
    92 000001F6 51                  <1>     push rcx
    93 000001F7 52                  <1>     push rdx
    94 000001F8 56                  <1>     push rsi
    95 000001F9 4889EE              <1>     mov rsi, rbp
    96 000001FC E887130000          <1>     call strlen     ;Get the length of the string to print in ecx
    97 00000201 FFC9                <1>     dec ecx         ;Drop the terminating null
    98 00000203 4889EA              <1>     mov rdx, rbp    ;Get string ptr
    99 00000206 BB01000000          <1>     mov ebx, 1      ;STDOUT
   100 0000020B B800400000          <1>     mov eax, 4000h  ;Write!
   101 00000210 CD21                <1>     int 21h 
   102 00000212 5E                  <1>     pop rsi    
   103 00000213 5A                  <1>     pop rdx
   104 00000214 59                  <1>     pop rcx
   105 00000215 5B                  <1>     pop rbx
   106 00000216 C3                  <1>     ret
   107                              <1> ttyIn:
   108                              <1> ;Output: al -> ASCII char
   109 00000217 B800080000          <1>     mov eax, 0800h  ;Input no echo to tty
   110 0000021C CD21                <1>     int 21h
   111 0000021E C3                  <1>     ret
   112                              <1> ttyClear:
   113                              <1> ;Use Int 2Eh to get command.com to violate the hardware abstraction for us.
   114                              <1> ;Or just add ANSI clear code to our basic driver (probably easier...)
   115                              <1>     ;mov eax, 0500h  ;Set page zero as the default page
   116                              <1>     ;int 30h
   117                              <1>     ;mov ah, 02h
   118                              <1>     ;xor edx, edx    ;Set screen cursor to top right corner
   119                              <1>     ;mov bh, dl      ;Set cursor for page 0
   120                              <1>     ;int 30h
   121                              <1>     ;mov bh, 07h     ;Grey/Black attribs
   122                              <1>     ;mov eax, 0600h  ;Clear whole screen
   123                              <1>     ;int 30h
   124                              <1>     ;ret
   125 0000021F 56                  <1>     push rsi
   126 00000220 4150                <1>     push r8
   127 00000222 488D3509000000      <1>     lea rsi, .s
   128 00000229 CD2E                <1>     int 2Eh
   129 0000022B 4158                <1>     pop r8
   130 0000022D 5E                  <1>     pop rsi
   131 0000022E 4D89C1              <1>     mov r9, r8  ;Persist the address in both (never used)
   132 00000231 C3                  <1>     ret
   133 00000232 03434C530D          <1> .s: db 03h, "CLS",CR
     8                                  %include "./src/PROCESS.ASM"
     1                              <1> keywordParser:
     2                              <1> ;rsi must point to the start of the portion of the line to execute
     3 00000237 E876010000          <1>     call spaceSkip  ;Skip any leading spaces
     4 0000023C 803E00              <1>     cmp byte [rsi], 0   ;Null terminated line, empty line?
     5 0000023F 7444                <1>     je .exitEmpty
     6                              <1>     ;rsi now points to function
     7 00000241 488D3DD7050000      <1>     lea rdi, funTbl     ;Point rdi to the function table
     8                              <1> .functionFinderLoop:
     9 00000248 0FB60F              <1>     movzx ecx, byte [rdi]  ;Get the string length  
    10 0000024B 80F9FF              <1>     cmp cl, -1  ;-1 is the end of table marker, either Var assignment or error
    11 0000024E 7440                <1>     je .notLetVarAssignment ;No key word found, consider variable assignment
    12 00000250 56                  <1>     push rsi    ;Save ptr to start of string on stack 
    13 00000251 57                  <1>     push rdi
    14 00000252 48FFC7              <1>     inc rdi             ;Goto first char in function name
    15 00000255 F3A6                <1>     repe cmpsb
    16 00000257 5F                  <1>     pop rdi
    17 00000258 5E                  <1>     pop rsi     ;Return ptr to start of string pointer from stack
    18 00000259 84C9                <1>     test cl, cl ;Did all the chars match?
    19 0000025B 740F                <1>     jz .functionFound
    20 0000025D 480FB607            <1>     movzx rax, byte [rdi]    ;Skip unnecessary function pointer
    21 00000261 480502000000        <1>     add rax, 2      ;Add 2 to skip relative pointer
    22 00000267 4801C7              <1>     add rdi, rax
    23 0000026A EBDC                <1>     jmp short .functionFinderLoop
    24                              <1> .functionFound:
    25                              <1>     ;Function found! Execute!
    26                              <1>     ;rsi points to start of expression to evaluate for function
    27                              <1>     ;rdi points to table entry
    28 0000026C 488D1DAC050000      <1>     lea rbx, funTbl         ;Get table address
    29 00000273 480FB617            <1>     movzx rdx, byte [rdi]   ;Get pascal string length
    30 00000277 0FB70C17            <1>     movzx ecx, word [rdi + rdx] ;Add pascal strlen to table entry and get word offset
    31 0000027B 4801CB              <1>     add rbx, rcx    ;Add word offset to table base
    32 0000027E 48FFCA              <1>     dec rdx         ;Get number of chars in function name
    33 00000281 4801D6              <1>     add rsi, rdx    ;rsi points to first char AFTER function name
    34                              <1> .exit:
    35 00000284 C3                  <1>     ret 
    36                              <1> .exitEmpty:
    37 00000285 48BBFFFFFFFFFFFFFF- <1>     mov rbx, -1
    37 0000028E FF                  <1>
    38 0000028F C3                  <1>     ret
    39                              <1>     ;rbx has the function pointer, 
    40                              <1>     ;rsi points to the first char after the keyword (e.g. PRINT, INPUT etc)
    41                              <1> .notLetVarAssignment:
    42 00000290 488D1D04070000      <1>     lea rbx, variableAssignment
    43 00000297 EBEB                <1>     jmp short .exit  ;Now call the function as if it was found from the table
    44                              <1> 
    45                              <1> runLine:
    46                              <1> ;New lines begin here, rsi point to the start of the program line
    47 00000299 F605(D90E0000)02    <1>     test byte [stateByte], traceBit ;Are we TRON?
    48 000002A0 0F85B0000000        <1>     jnz .tron
    49                              <1> .stringPortionProcess:
    50                              <1>     ;rsi points to string portion to begin processing
    51 000002A6 E88CFFFFFF          <1>     call keywordParser
    52                              <1>     ;rbx has the function pointer, if rbx is -1, line was empty
    53                              <1>     ;rsi points to the first char after the keyword (e.g. PRINT, INPUT etc)
    54 000002AB 4881FBFFFFFFFF      <1>     cmp rbx, -1 ;If the line is empty, rbx has a -1 so skip the line
    55 000002B2 7437                <1>     je .gotoNextLine
    56 000002B4 F605(D90E0000)01    <1>     test byte [stateByte], breakBit ;Is break set before exec?
    57 000002BB 0F85C1000000        <1>     jnz .break
    58                              <1> ;EXEC   LINE    PORTION
    59 000002C1 FFD3                <1>     call rbx        ;Call the function pointer in rbx
    60                              <1>     ;rsi should be pointing to the next portion of the line or the end of the line
    61                              <1> ;EXEC COMPLETE
    62 000002C3 F605(D90E0000)01    <1>     test byte [stateByte], breakBit ;Is break set after exec?
    63 000002CA 0F85B2000000        <1>     jnz .break
    64 000002D0 F605(D90E0000)04    <1>     test byte [stateByte], indirectBit
    65 000002D7 7448                <1>     jz .exit    ;IF in direct mode, just return to command line
    66 000002D9 F605(D90E0000)08    <1>     test byte [stateByte], ctrlFlow ;Ctrl Flow =>ignore other expressions temporarily
    67 000002E0 7540                <1>     jnz .ctrlFlowHandler
    68                              <1> 
    69 000002E2 E82E050000          <1>     call findOtherExpressionsOnLine ;See if there are any other expressions
    70 000002E7 84C0                <1>     test al, al ;If al is null, no more expressions on the line
    71                              <1>     ;If not null, keep executing expressions on same line
    72                              <1>     ;rsi points to first char after :
    73 000002E9 75BB                <1>     jnz .stringPortionProcess ;If a : found, keep processing
    74                              <1> .gotoNextLine:
    75 000002EB 668B15(F40E0000)    <1>     mov dx, word [currentLine]  ;Get in rbx the ptr to current line
    76 000002F2 E830110000          <1>     call searchForProgramLine
    77 000002F7 4881FBFFFFFFFF      <1>     cmp rbx, -1 ;Does the line not exist somehow?
    78 000002FE 7421                <1>     je .exit
    79 00000300 488B5B06            <1>     mov rbx, qword [rbx + progLineBlock.qPtr] ;Walk chain
    80 00000304 4881FBFFFFFFFF      <1>     cmp rbx, -1 ;Are we at the end of the chain?
    81 0000030B 7414                <1>     je .exit
    82 0000030D 668B5304            <1>     mov dx, word [rbx + progLineBlock.wLineNum] ;Save the new line number
    83 00000311 488D730E            <1>     lea rsi, qword [rbx + progLineBlock.sLine] ;Point rsi to the start of the next line
    84                              <1> .gotoNextLineCommon:
    85 00000315 668915(F40E0000)    <1>     mov word [currentLine], dx
    86 0000031C E978FFFFFF          <1>     jmp runLine
    87                              <1> .exit:
    88 00000321 C3                  <1>     ret
    89                              <1> .ctrlFlowHandler:
    90                              <1>     ;The stack pointer should be pointing now at the block
    91                              <1>     ; control flow data block. 
    92                              <1>     ;The functions which return with this bit set, also have placed
    93                              <1>     ; the next line number in dx, offset into line in byte three of edx
    94 00000322 8025(D90E0000)F7    <1>     and byte [stateByte], ~ctrlFlow ;First clear the ctrlflow bit
    95 00000329 E8F9100000          <1>     call searchForProgramLine   ;Get pointer to line
    96 0000032E 4881FBFFFFFFFF      <1>     cmp rbx, -1 ;Does the line not exist?
    97 00000335 74DE                <1>     je .gotoNextLineCommon
    98 00000337 488D730E            <1>     lea rsi, qword [rbx + progLineBlock.sLine] ;Point rsi to the start of the next line
    99 0000033B 89D0                <1>     mov eax, edx    ;Isolate the offset into the line
   100 0000033D C1E810              <1>     shr eax, 10h    ;Get byte three into byte 1
   101 00000340 25FF000000          <1>     and eax, 0FFh   ;Save only the bottom byte
   102 00000345 4801C6              <1>     add rsi, rax    ;Add the offset into the string to rsi
   103 00000348 EBCB                <1>     jmp short .gotoNextLineCommon
   104                              <1> .badLineNumber:
   105 0000034A 488D2D16130000      <1>     lea rbp, lineNoXist
   106 00000351 E9C2FDFFFF          <1>     jmp criticalError
   107                              <1> 
   108                              <1> .tron:
   109                              <1> ;Print the line number about to be executed
   110 00000356 F605(D90E0000)04    <1>     test byte [stateByte], indirectBit  ;Tron should only work in indirect mode
   111 0000035D 0F8443FFFFFF        <1>     jz .stringPortionProcess
   112 00000363 B05B                <1>     mov al, "["
   113 00000365 E87FFEFFFF          <1>     call ttyOutChar
   114 0000036A 0FB705(F40E0000)    <1>     movzx eax, word [currentLine]
   115 00000371 E86B0F0000          <1>     call printdecimalword
   116 00000376 B05D                <1>     mov al, "]"
   117 00000378 E86CFEFFFF          <1>     call ttyOutChar
   118 0000037D E924FFFFFF          <1>     jmp .stringPortionProcess
   119                              <1> .break:
   120 00000382 488D2DF6120000      <1>     lea rbp, breakmsg
   121 00000389 E867FEFFFF          <1>     call ttyOutString
   122 0000038E 0FB705(F40E0000)    <1>     movzx eax, word [currentLine]
   123 00000395 E8470F0000          <1>     call printdecimalword
   124 0000039A 488D2D5C120000      <1>     lea rbp, crlf
   125 000003A1 E84FFEFFFF          <1>     call ttyOutString
   126                              <1>     ;Preserve only bit 2 of the state byte
   127 000003A6 8025(D90E0000)02    <1>     and byte [stateByte], traceBit
   128 000003AD E9C4FCFFFF          <1>     jmp mainLoop    ;Exit processing
     9                                  %include "./src/PARSE.ASM"
     1                              <1> ;Main Parsing Routines go here
     2                              <1> 
     3                              <1> spaceSkip:
     4                              <1> ;Allows us to skip spaces that might have been placed for
     5                              <1> ; ease of reading by the user without modifying any registers
     6                              <1> ; except for rsi.
     7                              <1> ;Input: rsi = Pointer to string
     8                              <1> ;Output: rsi = First non space character encountered
     9 000003B2 803E20              <1>     cmp byte [rsi], " "
    10 000003B5 7505                <1>     jne .exit
    11 000003B7 48FFC6              <1>     inc rsi
    12 000003BA EBF6                <1>     jmp short spaceSkip
    13                              <1> .exit:
    14 000003BC C3                  <1>     ret
    15                              <1> 
    16                              <1> getVarNameLength:
    17                              <1> ;Called pointing to the buffer with the var name in it
    18                              <1> ;Input: rsi = Start of var name
    19                              <1> ;Output: ecx = Length of varname
    20 000003BD 50                  <1>     push rax
    21 000003BE 56                  <1>     push rsi
    22 000003BF 57                  <1>     push rdi
    23 000003C0 53                  <1>     push rbx
    24 000003C1 52                  <1>     push rdx
    25 000003C2 31D2                <1>     xor edx, edx    ;Clear counter of chars
    26 000003C4 488D1D47120000      <1>     lea rbx, varChrs    ;Get the list of valid variable name chars
    27                              <1> .search:
    28 000003CB 4889DF              <1>     mov rdi, rbx    ;Save pointer in rbx
    29 000003CE AC                  <1>     lodsb       ;Get the first char into al
    30 000003CF B926000000          <1>     mov ecx, numVarChars
    31 000003D4 F2AE                <1>     repne scasb       ;Look for char in the valid chars list
    32 000003D6 750A                <1>     jne .exit   ;Char not found, drop it
    33 000003D8 FFC2                <1>     inc edx     ;Add one to number of chars found
    34 000003DA 81FA28000000        <1>     cmp edx, 40 ;At position for char 40?
    35 000003E0 72E9                <1>     jb .search  ;Whilst below, keep going
    36                              <1> .exit:
    37 000003E2 89D1                <1>     mov ecx, edx
    38 000003E4 5A                  <1>     pop rdx
    39 000003E5 5B                  <1>     pop rbx
    40 000003E6 5F                  <1>     pop rdi
    41 000003E7 5E                  <1>     pop rsi
    42 000003E8 58                  <1>     pop rax
    43 000003E9 C3                  <1>     ret
    44                              <1> 
    45                              <1> getVarType:
    46                              <1> ;Input: rsi = Start of var name
    47                              <1> ;       rcx = Length of varname
    48                              <1> ;Output: ebx = 0 => Integer
    49                              <1> ;        ebx = 1 => String
    50                              <1> ;        ebx = -1 => Var doesnt exist, caller handles
    51 000003EA 50                  <1>     push rax
    52 000003EB 51                  <1>     push rcx
    53 000003EC 56                  <1>     push rsi
    54 000003ED E8C50F0000          <1>     call findVariable
    55 000003F2 4881FBFFFFFFFF      <1>     cmp rbx, -1
    56 000003F9 7406                <1>     je .exit
    57 000003FB 0FB65B03            <1>     movzx ebx, byte [rbx + memBlock.bBlockType]
    58 000003FF FFCB                <1>     dec ebx
    59                              <1> .exit:
    60 00000401 5E                  <1>     pop rsi
    61 00000402 59                  <1>     pop rcx
    62 00000403 58                  <1>     pop rax
    63 00000404 C3                  <1>     ret
    64                              <1> 
    65                              <1> handleAlgebraicExpression:
    66                              <1> ;Input: rsi = Points to a mathematical expression
    67                              <1> ;Output: rax = Result of said expression
    68                              <1> ;Declares a syntax error if weird chars found
    69                              <1> ;Declares a type error if a string variable found
    70                              <1> ;Declares a stack overflow if less than 20 stack words available
    71 00000405 50                  <1>     push rax
    72 00000406 488D05(50000000)    <1>     lea rax, stack
    73 0000040D 480550000000        <1>     add rax, 10*8   ;Be extra careful
    74 00000413 4839C4              <1>     cmp rsp, rax
    75                              <1>     ;if rsp is below rax, fail
    76 00000416 0F8275030000        <1>     jb .stack
    77 0000041C 58                  <1>     pop rax
    78                              <1> .handleFourthLevel:
    79 0000041D E807010000          <1>     call .handleThirdLevel
    80                              <1> .parseLogicals:
    81 00000422 813E414E4420        <1>     cmp dword [rsi], "AND "
    82 00000428 0F84B2000000        <1>     je .and
    83 0000042E 66813E4F52          <1>     cmp word [rsi], "OR"
    84 00000433 0F84B6000000        <1>     je .or
    85 00000439 813E584F5220        <1>     cmp dword [rsi], "XOR "
    86 0000043F 0F84BC000000        <1>     je .xor
    87 00000445 813E45515620        <1>     cmp dword [rsi], "EQV "
    88 0000044B 0F84BF000000        <1>     je .eqv
    89 00000451 813E494D5020        <1>     cmp dword [rsi], "IMP "
    90 00000457 7468                <1>     je .imp
    91 00000459 813E524F4C20        <1>     cmp dword [rsi], "ROL "
    92 0000045F 744F                <1>     je .leftRoll
    93 00000461 813E524F5220        <1>     cmp dword [rsi], "ROR "
    94 00000467 7436                <1>     je .rightRoll
    95 00000469 813E53484C20        <1>     cmp dword [rsi], "SHL "
    96 0000046F 741D                <1>     je .leftShift
    97 00000471 813E53485220        <1>     cmp dword [rsi], "SHR "
    98 00000477 0F85E8020000        <1>     jne .exit
    99                              <1> .rightShift:
   100                              <1> ;Shift count is truncated to between 1 and 255 for shift and Roll
   101 0000047D 50                  <1>     push rax
   102 0000047E E89F000000          <1>     call .handleThirdLevelSkip
   103 00000483 59                  <1>     pop rcx
   104 00000484 4891                <1>     xchg rax, rcx   ;Move count into rcx, and shift target to rax
   105 00000486 48D3E8              <1>     shr rax, cl
   106 00000489 E994FFFFFF          <1>     jmp .parseLogicals
   107                              <1> 
   108                              <1> .leftShift:
   109 0000048E 50                  <1>     push rax
   110 0000048F E88E000000          <1>     call .handleThirdLevelSkip
   111 00000494 59                  <1>     pop rcx
   112 00000495 4891                <1>     xchg rax, rcx   ;Move count into rcx, and shift target to rax
   113 00000497 48D3E0              <1>     shl rax, cl
   114 0000049A E983FFFFFF          <1>     jmp .parseLogicals
   115                              <1> 
   116                              <1> .rightRoll:
   117 0000049F 50                  <1>     push rax
   118 000004A0 E87D000000          <1>     call .handleThirdLevelSkip
   119 000004A5 59                  <1>     pop rcx
   120 000004A6 4891                <1>     xchg rax, rcx   ;Move count into rcx, and shift target to rax
   121 000004A8 48D3C8              <1>     ror rax, cl
   122 000004AB E972FFFFFF          <1>     jmp .parseLogicals
   123                              <1> 
   124                              <1> .leftRoll:
   125 000004B0 50                  <1>     push rax
   126 000004B1 E86C000000          <1>     call .handleThirdLevelSkip
   127 000004B6 59                  <1>     pop rcx
   128 000004B7 4891                <1>     xchg rax, rcx   ;Move count into rcx, and shift target to rax
   129 000004B9 48D3C0              <1>     rol rax, cl
   130 000004BC E961FFFFFF          <1>     jmp .parseLogicals
   131                              <1> 
   132                              <1> .imp:
   133                              <1>     ;A => B == ¬A OR B
   134 000004C1 50                  <1>     push rax
   135 000004C2 E85B000000          <1>     call .handleThirdLevelSkip
   136 000004C7 59                  <1>     pop rcx ;rcx has A
   137 000004C8 48F7D1              <1>     not rcx
   138 000004CB 4809C8              <1>     or rax, rcx
   139 000004CE E94FFFFFFF          <1>     jmp .parseLogicals
   140                              <1> 
   141                              <1> .not:
   142 000004D3 E84A000000          <1>     call .handleThirdLevelSkip  ;Get result in rax
   143 000004D8 48F7D0              <1>     not rax ;Save 1's compliment in rax
   144 000004DB E942FFFFFF          <1>     jmp .parseLogicals
   145                              <1> .and:
   146 000004E0 50                  <1>     push rax
   147 000004E1 E83C000000          <1>     call .handleThirdLevelSkip
   148 000004E6 59                  <1>     pop rcx
   149 000004E7 4821C8              <1>     and rax, rcx
   150 000004EA E933FFFFFF          <1>     jmp .parseLogicals
   151                              <1> .or:
   152 000004EF 48FFCE              <1>     dec rsi ;handle third level skips skips one too many for or
   153 000004F2 50                  <1>     push rax
   154 000004F3 E82A000000          <1>     call .handleThirdLevelSkip
   155 000004F8 59                  <1>     pop rcx
   156 000004F9 4809C8              <1>     or rax, rcx
   157 000004FC E921FFFFFF          <1>     jmp .parseLogicals
   158                              <1> .xor:
   159 00000501 50                  <1>     push rax
   160 00000502 E81B000000          <1>     call .handleThirdLevelSkip
   161 00000507 59                  <1>     pop rcx
   162 00000508 4831C8              <1>     xor rax, rcx
   163 0000050B E912FFFFFF          <1>     jmp .parseLogicals
   164                              <1> .eqv:
   165                              <1> ;Not XOR, ie only if the two bits are equal do we set it
   166 00000510 50                  <1>     push rax
   167 00000511 E80C000000          <1>     call .handleThirdLevelSkip
   168 00000516 59                  <1>     pop rcx
   169 00000517 4831C8              <1>     xor rax, rcx
   170 0000051A 48F7D0              <1>     not rax
   171 0000051D E900FFFFFF          <1>     jmp .parseLogicals
   172                              <1> 
   173                              <1> ;Level 3, Relational Connectives
   174                              <1> .handleThirdLevelSkip:
   175 00000522 4881C603000000      <1>     add rsi, 3  ;Go past the end of the word
   176                              <1> .handleThirdLevel:
   177 00000529 E80B010000          <1>    call .handleSecondLevel
   178                              <1> .parseRelationals:
   179                              <1>     ;Handle Relational connectives
   180 0000052E 803E3D              <1>     cmp byte [rsi], "="
   181 00000531 0F84BA000000        <1>     je .processEq
   182 00000537 66813E3C3E          <1>     cmp word [rsi], "<>"
   183 0000053C 0F84D0000000        <1>     je .processNeq
   184 00000542 66813E3E3C          <1>     cmp word [rsi], "><"
   185 00000547 0F84C5000000        <1>     je .processNeq
   186 0000054D 803E3C              <1>     cmp byte [rsi], "<"
   187 00000550 7430                <1>     je .processLess
   188 00000552 803E3E              <1>     cmp byte [rsi], ">"
   189 00000555 0F850A020000        <1>     jne .exit
   190                              <1> .processGreater:
   191 0000055B 807E013D            <1>     cmp byte [rsi + 1], "=" ;Is this a GEQ
   192 0000055F 7448                <1>     je .processGeq
   193 00000561 50                  <1>     push rax
   194 00000562 E8CF000000          <1>     call .handleSecondLevelSkip
   195 00000567 59                  <1>     pop rcx ;lhs, rax has rhs of >
   196                              <1> 
   197 00000568 53                  <1>     push rbx
   198 00000569 31DB                <1>     xor ebx, ebx
   199 0000056B 4839C1              <1>     cmp rcx, rax
   200 0000056E 48B8FFFFFFFFFFFFFF- <1>     mov rax, -1 ;Default to true
   200 00000577 FF                  <1>
   201 00000578 480F4EC3            <1>     cmovle rax, rbx  ;Move the false value if less than
   202 0000057C 5B                  <1>     pop rbx
   203 0000057D E9ACFFFFFF          <1>     jmp .parseRelationals
   204                              <1> .processLess:
   205 00000582 807E013D            <1>     cmp byte [rsi + 1], "=" ;Is this a LEQ
   206 00000586 7445                <1>     je .processLeq
   207 00000588 50                  <1>     push rax
   208 00000589 E8A8000000          <1>     call .handleSecondLevelSkip
   209 0000058E 59                  <1>     pop rcx ;lhs, rax has rhs of <
   210                              <1> 
   211 0000058F 53                  <1>     push rbx
   212 00000590 31DB                <1>     xor ebx, ebx
   213 00000592 4839C1              <1>     cmp rcx, rax
   214 00000595 48B8FFFFFFFFFFFFFF- <1>     mov rax, -1 ;Default to true
   214 0000059E FF                  <1>
   215 0000059F 480F4DC3            <1>     cmovge rax, rbx  ;Move the false value if greater than or equal to
   216 000005A3 5B                  <1>     pop rbx
   217 000005A4 E985FFFFFF          <1>     jmp .parseRelationals
   218                              <1> 
   219                              <1> .processGeq:
   220                              <1> ;Symbol has two chars so skip second char
   221 000005A9 48FFC6              <1>     inc rsi ;Skip first symbol
   222 000005AC 50                  <1>     push rax
   223 000005AD E884000000          <1>     call .handleSecondLevelSkip
   224 000005B2 59                  <1>     pop rcx ;lhs, rax has rhs of >=
   225                              <1> 
   226 000005B3 53                  <1>     push rbx
   227 000005B4 31DB                <1>     xor ebx, ebx
   228 000005B6 4839C1              <1>     cmp rcx, rax
   229 000005B9 48B8FFFFFFFFFFFFFF- <1>     mov rax, -1 ;Default to true
   229 000005C2 FF                  <1>
   230 000005C3 480F4CC3            <1>     cmovl rax, rbx  ;Move the false value if less than
   231 000005C7 5B                  <1>     pop rbx
   232 000005C8 E961FFFFFF          <1>     jmp .parseRelationals
   233                              <1> 
   234                              <1> .processLeq:
   235                              <1> ;Symbol has two chars so skip second char
   236 000005CD 48FFC6              <1>     inc rsi
   237 000005D0 50                  <1>     push rax
   238 000005D1 E860000000          <1>     call .handleSecondLevelSkip
   239 000005D6 59                  <1>     pop rcx ;lhs, rax has rhs of <=
   240                              <1> 
   241 000005D7 53                  <1>     push rbx
   242 000005D8 31DB                <1>     xor ebx, ebx
   243 000005DA 4839C1              <1>     cmp rcx, rax
   244 000005DD 48B8FFFFFFFFFFFFFF- <1>     mov rax, -1 ;Default to true
   244 000005E6 FF                  <1>
   245 000005E7 480F4FC3            <1>     cmovg rax, rbx  ;Move the false value if greater than
   246 000005EB 5B                  <1>     pop rbx
   247 000005EC E93DFFFFFF          <1>     jmp .parseRelationals
   248                              <1> 
   249                              <1> .processEq:
   250 000005F1 50                  <1>     push rax
   251 000005F2 E83F000000          <1>     call .handleSecondLevelSkip
   252 000005F7 59                  <1>     pop rcx ;lhs, rax has rhs of =
   253                              <1> 
   254 000005F8 53                  <1>     push rbx 
   255 000005F9 31DB                <1>     xor ebx, ebx
   256 000005FB 4839C1              <1>     cmp rcx, rax
   257 000005FE 48B8FFFFFFFFFFFFFF- <1>     mov rax, -1
   257 00000607 FF                  <1>
   258 00000608 480F45C3            <1>     cmovne rax, rbx ;Only set rax to 0 if not equal
   259 0000060C 5B                  <1>     pop rbx
   260 0000060D E91CFFFFFF          <1>     jmp .parseRelationals
   261                              <1> 
   262                              <1> .processNeq:
   263                              <1> ;Symbol has two chars so skip second char
   264 00000612 48FFC6              <1>     inc rsi
   265 00000615 50                  <1>     push rax
   266 00000616 E81B000000          <1>     call .handleSecondLevelSkip
   267 0000061B 59                  <1>     pop rcx ;lhs, rax has rhs of <>
   268                              <1> 
   269 0000061C 53                  <1>     push rbx 
   270 0000061D 31DB                <1>     xor ebx, ebx
   271 0000061F 4839C1              <1>     cmp rcx, rax
   272 00000622 48B8FFFFFFFFFFFFFF- <1>     mov rax, -1 ;Assume true, not equal
   272 0000062B FF                  <1>
   273 0000062C 480F44C3            <1>     cmove rax, rbx ;Only set rax to 0 if equal
   274 00000630 5B                  <1>     pop rbx
   275 00000631 E9F8FEFFFF          <1>     jmp .parseRelationals
   276                              <1> 
   277                              <1> ;Level 2, Addition and Subtraction
   278                              <1> .handleSecondLevelSkip:
   279 00000636 48FFC6              <1>     inc rsi
   280                              <1> .handleSecondLevel:
   281 00000639 E828000000          <1>     call .handleFirstLevel
   282                              <1> .parseAdditiveOperators:    
   283 0000063E 803E2D              <1>     cmp byte [rsi], "-"
   284 00000641 7415                <1>     je .processMinus
   285 00000643 803E2B              <1>     cmp byte [rsi], "+"
   286 00000646 0F8519010000        <1>     jne .exit              ;No operators, expression evaluated, exit
   287 0000064C 50                  <1>     push rax
   288 0000064D E811000000          <1>     call .handleFirstLevelSkip   ;Parse first level
   289                              <1> .processAdd:    
   290 00000652 59                  <1>     pop rcx
   291 00000653 4801C8              <1>     add rax, rcx           ;Add the two numbers
   292 00000656 EBE6                <1>     jmp short .parseAdditiveOperators  ;Search again for + or -
   293                              <1> .processMinus:
   294 00000658 50                  <1>     push rax
   295 00000659 E805000000          <1>     call .handleFirstLevelSkip   ;Parse first level
   296 0000065E 48F7D8              <1>     neg rax              ;Change a - b to a + -b
   297 00000661 EBEF                <1>     jmp short .processAdd
   298                              <1> 
   299                              <1> ;Level 1, Exponent, Division and multiplication
   300                              <1> 
   301                              <1> .handleFirstLevelSkip:
   302 00000663 48FFC6              <1>     inc rsi              ;Skip the op symbol
   303                              <1> .handleFirstLevel:
   304 00000666 E8A2000000          <1>     call .handleZerothLevel      ;Call third level
   305                              <1> .parseProductOperators:
   306 0000066B 803E5E              <1>     cmp byte [rsi], "^"
   307 0000066E 747A                <1>     je .exponentFound
   308 00000670 803E2F              <1>     cmp byte [rsi], "/"
   309 00000673 743F                <1>     je .processDiv
   310 00000675 803E2A              <1>     cmp byte [rsi], "*"
   311 00000678 742E                <1>     je .processMult
   312 0000067A 813E4D4F4420        <1>     cmp dword [rsi], "MOD "
   313 00000680 0F85DF000000        <1>     jne .exit     ;Neither exp, multiplication, division or MOD, return up a level
   314                              <1> 
   315 00000686 4881C603000000      <1>     add rsi, 3  ;Skip the MOD part
   316 0000068D 50                  <1>     push rax
   317 0000068E E877000000          <1>     call .handleZerothLevelSkip   ;Call zeroth level
   318 00000693 59                  <1>     pop rcx
   319 00000694 4885C0              <1>     test rax, rax        ;Dividend is returned in rax
   320 00000697 7433                <1>     jz .divByZero
   321 00000699 4891                <1>     xchg rax, rcx
   322 0000069B 31D2                <1>     xor edx, edx         ;Clear rdx for rdx:rax
   323 0000069D 48F7F9              <1>     idiv rcx             ;Signed division
   324 000006A0 4889D0              <1>     mov rax, rdx         ;Save remainder in rax
   325 000006A3 E9C3FFFFFF          <1>     jmp .parseProductOperators         ;Search again for * or /
   326                              <1>     
   327                              <1> .processMult:
   328 000006A8 50                  <1>     push rax
   329 000006A9 E85C000000          <1>     call .handleZerothLevelSkip   ;Call zeroth level
   330 000006AE 59                  <1>     pop rcx
   331 000006AF 48F7E9              <1>     imul rcx             ; Multiplication
   332 000006B2 EBB7                <1>     jmp short .parseProductOperators   ;Search again for * or /
   333                              <1> 
   334                              <1> .processDiv:
   335 000006B4 50                  <1>     push rax
   336 000006B5 E850000000          <1>     call .handleZerothLevelSkip   ;Call zeroth level
   337 000006BA 59                  <1>     pop rcx
   338 000006BB 4885C0              <1>     test rax, rax        ;Dividend is returned in rax
   339 000006BE 740C                <1>     jz .divByZero
   340 000006C0 4891                <1>     xchg rax, rcx
   341 000006C2 31D2                <1>     xor edx, edx         ;Clear rdx for rdx:rax
   342 000006C4 48F7F9              <1>     idiv rcx             ;Signed division
   343 000006C7 E99FFFFFFF          <1>     jmp .parseProductOperators         ;Search again for * or /
   344                              <1> .divByZero:
   345                              <1>     ;If a division by zero occurs, print the message and return
   346                              <1>     ; result as signed 64 bit MAX or MIN + 1 depending on if the 
   347                              <1>     ; number being divided is positive or negative
   348 000006CC 55                  <1>     push rbp
   349 000006CD 488D2D41100000      <1>     lea rbp, divZer
   350 000006D4 E81CFBFFFF          <1>     call ttyOutString   ;Print the message
   351 000006D9 B801000000          <1>     mov eax, 1 ;Get 1 in ebp and clear upper bits
   352 000006DE 48D1C8              <1>     ror rax, 1 ;Put the bit in bit 63
   353 000006E1 48F7D0              <1>     not rax    ;Set all other bits and clear sign bit
   354 000006E4 5D                  <1>     pop rbp
   355 000006E5 E981FFFFFF          <1>     jmp .parseProductOperators
   356                              <1> 
   357                              <1> .exponentFound:
   358                              <1>     ;rax has the number to exponentiate
   359 000006EA 50                  <1>     push rax
   360 000006EB E81A000000          <1>     call .handleZerothLevelSkip  ;Parse the inner expression
   361 000006F0 59                  <1>     pop rcx
   362 000006F1 4891                <1>     xchg rcx, rax
   363                              <1>     ;rax has the number to exponentiate, rcx has the number of times to loop imul
   364 000006F3 53                  <1>     push rbx
   365 000006F4 4889C3              <1>     mov rbx, rax    ;Save a copy of rax in rbx
   366 000006F7 48FFC9              <1>     dec rcx
   367                              <1> .imulLoop:
   368 000006FA 31D2                <1>     xor edx, edx
   369 000006FC 48F7EB              <1>     imul rbx
   370 000006FF 48FFC9              <1>     dec rcx
   371 00000702 75F6                <1>     jnz .imulLoop
   372 00000704 5B                  <1>     pop rbx
   373 00000705 E961FFFFFF          <1>     jmp .parseProductOperators
   374                              <1> 
   375                              <1> 
   376                              <1> ;Level 0, Brackets, numbers and vars.
   377                              <1> 
   378                              <1> .handleZerothLevelSkip:
   379 0000070A 48FFC6              <1>     inc rsi             ;Skip the op symbol
   380                              <1> .handleZerothLevel:
   381 0000070D E8A0FCFFFF          <1>     call spaceSkip
   382 00000712 AC                  <1>     lodsb               ;Read char and adv rsi
   383 00000713 3C28                <1>     cmp al, '('
   384 00000715 750F                <1>     jne .varConstCheck
   385 00000717 E8E9FCFFFF          <1>     call handleAlgebraicExpression  ;Parse the inner expression
   386 0000071C 803E29              <1>     cmp byte [rsi], ')'   
   387 0000071F 745C                <1>     je .closeBracket     ;If close bracket, goto skip spaces
   388 00000721 E95F000000          <1>     jmp .error     ;Otherwise, error
   389                              <1>   
   390                              <1> .varConstCheck:
   391 00000726 3C41                <1>     cmp al, "A"       ;Alphabetical first char?
   392 00000728 730D                <1>     jae .varOrRNDFound      ;Yes, variable found or rnd function or error
   393 0000072A 48FFCE              <1>     dec rsi            ;Else back one symbol 
   394 0000072D E8870B0000          <1>     call decimalToHex  ;to read number into rax
   395 00000732 E97BFCFFFF          <1>     jmp spaceSkip
   396                              <1> 
   397                              <1> .varOrRNDFound:
   398 00000737 48FFCE              <1>     dec rsi
   399                              <1> ;Evaluate UNARY operators here in reverse stack order of importance
   400 0000073A 813E4E4F5420        <1>     cmp dword [rsi], "NOT "
   401 00000740 0F848DFDFFFF        <1>     je .not
   402 00000746 48FFC6              <1>     inc rsi
   403 00000749 3C5A                <1>     cmp al, "Z"  
   404 0000074B 7738                <1>     ja .error   ;Syntax error if char not between A-Z  
   405 0000074D 3C52                <1>     cmp al, "R"
   406 0000074F 7515                <1>     jne .varFound
   407 00000751 803E4E              <1>     cmp byte [rsi], "N" ;rsi was advanced by 1, check 
   408 00000754 7510                <1>     jne .varFound
   409 00000756 807E0144            <1>     cmp byte [rsi+1], "D"
   410 0000075A 750A                <1>     jne .varFound
   411 0000075C 66AD                <1>     lodsw               ;Advance rsi by 3
   412 0000075E AC                  <1>     lodsb
   413 0000075F E440                <1>     in al, 40h         ;Read timer counter 0
   414 00000761 480FB6C0            <1>     movzx rax, al
   415                              <1> .exit:
   416 00000765 C3                  <1>     ret                ;Return
   417                              <1> 
   418                              <1> .varFound:    
   419 00000766 48FFCE              <1>     dec rsi ;Back a char
   420 00000769 51                  <1>     push rcx
   421 0000076A E84EFCFFFF          <1>     call getVarNameLength
   422 0000076F E829000000          <1>     call getNumericVariable ;Get variable value in rax
   423 00000774 4801CE              <1>     add rsi, rcx    ;Go past the edge of the name
   424 00000777 59                  <1>     pop rcx
   425 00000778 E935FCFFFF          <1>     jmp spaceSkip
   426                              <1> 
   427                              <1> .closeBracket:
   428 0000077D 48FFC6              <1>     inc rsi
   429 00000780 E92DFCFFFF          <1>     jmp spaceSkip
   430                              <1> .error:
   431 00000785 488D2DBC0E0000      <1>     lea rbp, syntax
   432 0000078C E987F9FFFF          <1>     jmp criticalError
   433                              <1> .stack:
   434 00000791 488D2DF10E0000      <1>     lea rbp, stkOvflw
   435 00000798 E97BF9FFFF          <1>     jmp criticalError
   436                              <1> 
   437                              <1> 
   438                              <1> getNumericVariable:
   439                              <1> ;Gets the value stored in a variable into rax 
   440                              <1> ;Input: rsi = Pointer to first char of a variable name
   441                              <1> ;Output: rax = Variable Value
   442                              <1> ;        rsi = Pointer to first char of a variable name
   443 0000079D 56                  <1>     push rsi
   444 0000079E 51                  <1>     push rcx
   445 0000079F 53                  <1>     push rbx
   446 000007A0 E818FCFFFF          <1>     call getVarNameLength   ;Returns the length of the var name in cx
   447 000007A5 E80D0C0000          <1>     call findVariable       ;Returns a pointer to the variable block in rbx
   448 000007AA 4881FBFFFFFFFF      <1>     cmp rbx, -1 ;Variable doesnt exist? Pretend it is 0
   449 000007B1 740E                <1>     je .noVar
   450 000007B3 807B0301            <1>     cmp byte [rbx + memBlock.bBlockType], varBlockType
   451 000007B7 750C                <1>     jne .stringFoundError
   452 000007B9 488B4304            <1>     mov rax, qword [rbx + varBlock.qValue]
   453                              <1> .exit:
   454 000007BD 5B                  <1>     pop rbx
   455 000007BE 59                  <1>     pop rcx
   456 000007BF 5E                  <1>     pop rsi
   457 000007C0 C3                  <1>     ret
   458                              <1> .noVar:
   459 000007C1 31C0                <1>     xor eax, eax
   460 000007C3 EBF8                <1>     jmp short .exit
   461                              <1> .stringFoundError:
   462 000007C5 488D2D8B0E0000      <1>     lea rbp, typeError
   463 000007CC E947F9FFFF          <1>     jmp criticalError
   464                              <1> 
   465                              <1> setNumericVariable:
   466                              <1> ;Sets the value stored in a variable
   467                              <1> ;Input: rsi = Pointer to first char of a variable name
   468                              <1> ;       rax = Variable value
   469                              <1> ;Output: rsi = Pointer to first char of variable name
   470 000007D1 56                  <1>     push rsi
   471 000007D2 51                  <1>     push rcx
   472 000007D3 53                  <1>     push rbx
   473                              <1> 
   474 000007D4 E8E4FBFFFF          <1>     call getVarNameLength   ;Returns the length of the var name in cx
   475 000007D9 E8D90B0000          <1>     call findVariable       ;Returns a pointer to the variable block in rbx
   476 000007DE 4881FBFFFFFFFF      <1>     cmp rbx, -1             ;Variable doesnt exit?
   477 000007E5 740E                <1>     je .makeEditInteger      ;Make one!
   478 000007E7 807B0301            <1>     cmp byte [rbx + memBlock.bBlockType], varBlockType
   479 000007EB 750F                <1>     jne .stringFoundError
   480 000007ED 48894304            <1>     mov qword [rbx + varBlock.qValue], rax  ;Save value
   481                              <1> .exit:
   482 000007F1 5B                  <1>     pop rbx
   483 000007F2 59                  <1>     pop rcx
   484 000007F3 5E                  <1>     pop rsi
   485 000007F4 C3                  <1>     ret
   486                              <1> .makeEditInteger:
   487 000007F5 E8CD0C0000          <1>     call makeEditInteger
   488 000007FA EBF5                <1>     jmp short .exit
   489                              <1> .stringFoundError:
   490 000007FC 488D2D540E0000      <1>     lea rbp, typeError
   491 00000803 E910F9FFFF          <1>     jmp criticalError
   492                              <1> 
   493                              <1> setStringVariable:
   494                              <1> ;Sets the string pointed to by rdx
   495                              <1> ;Input: rsi = Pointer to first char of a variable name
   496                              <1> ;       rdx = Start of string
   497                              <1> ;Output: rsi = Pointer to first char of variable name
   498                              <1> ;Keeps adding characters until a 0, : or " encountered
   499                              <1> ;Adds a 0 to the end
   500 00000808 51                  <1>     push rcx
   501 00000809 E8AFFBFFFF          <1>     call getVarNameLength   ;Gets the length of the var name in cx
   502 0000080E E8FF0C0000          <1>     call makeEditString     ;Returns a ptr to the var block in rbx
   503 00000813 59                  <1>     pop rcx
   504 00000814 C3                  <1>     ret
   505                              <1> 
   506                              <1> findOtherExpressionsOnLine:
   507                              <1> ;Input: rsi = start of line portion
   508                              <1> ;Output: rsi = points to first char after first ":" found
   509                              <1> ;         al = : if it was found or 00 if not
   510 00000815 AC                  <1>     lodsb
   511 00000816 3C00                <1>     cmp al, 0   ;Null hit, RIP procedure
   512 00000818 7404                <1>     je .exit
   513 0000081A 3C3A                <1>     cmp al, ":" ;Strings can be terminated with a :
   514 0000081C 75F7                <1>     jne findOtherExpressionsOnLine
   515                              <1> .exit:
   516 0000081E C3                  <1>     ret
    10                                  %include "./src/COMMANDS.ASM"
     1                              <1> 
     2                              <1> funTbl:
     3                              <1> ;Use PASCAL strings to know how long the comparisons need to be
     4                              <1> ;All function pointers are saved as distances from the head
     5                              <1> ; of the function table
     6                              <1> ;BASIC instructions are space terminated
     7                              <1> ;Interpreter instructions are null terminated
     8 0000081F 044C4554            <1>     db 4, "LET"     ;DONE
     9 00000823 7701                <1>     dw oldSchoolAssignemnt - funTbl
    10                              <1> 
    11 00000825 054E455700          <1>     db 5, "NEW",0     ;DONE
    12 0000082A FA01                <1>     dw newProgram - funTbl 
    13                              <1> 
    14 0000082C 07434C45415200      <1>     db 7, "CLEAR",0   ;DONE
    15 00000833 FA01                <1>     dw newProgram - funTbl 
    16                              <1> 
    17 00000835 064C49535400        <1>     db 6, "LIST",0    ;DONE
    18 0000083B 5E02                <1>     dw listProgram - funTbl 
    19                              <1> 
    20 0000083D 0552554E00          <1>     db 5, "RUN",0     ;DONE
    21 00000842 9A02                <1>     dw runProgram - funTbl
    22                              <1> 
    23 00000844 085052494E542420    <1>     db 8, "PRINT$ "    ;Not implemented yet
    24 0000084C CB02                <1>     dw printStatement - funTbl
    25                              <1> 
    26 0000084E 075052494E5420      <1>     db 7, "PRINT "    ;DONE
    27 00000855 CB02                <1>     dw printStatement - funTbl
    28                              <1> 
    29 00000857 033F20              <1>     db 3, "? "        ;DONE, alias Print
    30 0000085A CB02                <1>     dw printStatement - funTbl
    31                              <1> 
    32 0000085C 07494E50555420      <1>     db 7, "INPUT "
    33 00000863 6A03                <1>     dw getInput - funTbl
    34                              <1> 
    35 00000865 04494620            <1>     db 4, "IF "      ;DONE, needs to be tested
    36 00000869 020A                <1>     dw handleIf - funTbl
    37                              <1> 
    38 0000086B 06474F544F20        <1>     db 6, "GOTO "    ;DONE
    39 00000871 AF06                <1>     dw goto - funTbl
    40                              <1> 
    41 00000873 07474F53554220      <1>     db 7, "GOSUB "
    42 0000087A C406                <1>     dw gosub - funTbl
    43                              <1> 
    44 0000087C 0852455455524E20    <1>     db 8, "RETURN "
    45 00000884 0D07                <1>     dw return - funTbl
    46                              <1> 
    47 00000886 0852455455524E00    <1>     db 8, "RETURN",0
    48 0000088E 0D07                <1>     dw return - funTbl
    49                              <1> 
    50 00000890 05464F5220          <1>     db 5, "FOR "
    51 00000895 5B07                <1>     dw forLoop - funTbl
    52                              <1> 
    53 00000897 064E45585400        <1>     db 6, "NEXT",0
    54 0000089D 6708                <1>     dw next - funTbl
    55                              <1> 
    56 0000089F 064E45585420        <1>     db 6, "NEXT "
    57 000008A5 6708                <1>     dw next - funTbl
    58                              <1> 
    59 000008A7 07                  <1>     db 7
    60                              <1> whileStr:
    61 000008A8 5748494C4520        <1>     db "WHILE "
    62 000008AE DB08                <1>     dw while - funTbl
    63                              <1> 
    64 000008B0 0657454E4420        <1>     db 6, "WEND "
    65 000008B6 5209                <1>     dw wend - funTbl    
    66 000008B8 0657454E4400        <1>     db 6, "WEND",0
    67 000008BE 5209                <1>     dw wend - funTbl   
    68                              <1> thenStr:
    69 000008C0 065448454E20        <1>     db 6, "THEN "    ;DONE
    70 000008C6 4401                <1>     dw badCmd - funTbl
    71                              <1> elseStr:
    72 000008C8 06454C534520        <1>     db 6, "ELSE "    ;DONE
    73 000008CE 4401                <1>     dw badCmd - funTbl
    74                              <1> 
    75 000008D0 0853595354454D00    <1>     db 8, "SYSTEM",0  ;DONE
    76 000008D8 0904                <1>     dw returnToDOS - funTbl
    77                              <1> 
    78 000008DA 05434C5300          <1>     db 5, "CLS",0     ;DONE
    79 000008DF 0B04                <1>     dw cls - funTbl
    80 000008E1 05434C5320          <1>     db 5, "CLS "      ;DONE
    81 000008E6 0B04                <1>     dw cls - funTbl
    82                              <1> 
    83 000008E8 07444542554700      <1>     db 7, "DEBUG",0   ;DONE
    84 000008EF 1004                <1>     dw dbgr - funTbl
    85                              <1> 
    86 000008F1 0654524F4E00        <1>     db 6, "TRON",0    ;DONE
    87 000008F7 5501                <1>     dw tron - funTbl
    88                              <1> 
    89 000008F9 0754524F464600      <1>     db 7, "TROFF",0   ;DONE
    90 00000900 5D01                <1>     dw troff - funTbl
    91                              <1> 
    92 00000902 05454E4420          <1>     db 5, "END "     ;DONE
    93 00000907 5001                <1>     dw endProg - funTbl
    94 00000909 05454E4400          <1>     db 5, "END",0     ;DONE
    95 0000090E 5001                <1>     dw endProg - funTbl
    96                              <1> 
    97 00000910 0653544F5020        <1>     db 6, "STOP "    ;DONE
    98 00000916 5001                <1>     dw endProg - funTbl
    99 00000918 0653544F5000        <1>     db 6, "STOP",0    ;DONE
   100 0000091E 5001                <1>     dw endProg - funTbl
   101                              <1> 
   102 00000920 0845534341504520    <1>     db 8, "ESCAPE "  ;DONE
   103 00000928 5001                <1>     dw endProg - funTbl
   104 0000092A 0845534341504500    <1>     db 8, "ESCAPE",0  ;DONE
   105 00000932 5001                <1>     dw endProg - funTbl
   106                              <1> 
   107 00000934 07455045454B20      <1>     db 7, "EPEEK "
   108 0000093B 6D01                <1>     dw memRead - funTbl
   109                              <1> 
   110 0000093D 0745504F4B4520      <1>     db 7, "EPOKE "
   111 00000944 6D01                <1>     dw memWrite - funTbl
   112                              <1> 
   113 00000946 065045454B20        <1>     db 6, "PEEK "
   114 0000094C 6D01                <1>     dw byteRead - funTbl
   115                              <1> 
   116 0000094E 06504F4B4520        <1>     db 6, "POKE "
   117 00000954 6D01                <1>     dw byteWrite - funTbl
   118                              <1> 
   119 00000956 0552454D20          <1>     db 5, "REM "
   120 0000095B 6E01                <1>     dw remark - funTbl
   121 0000095D 032720              <1>     db 3, "' "
   122 00000960 6E01                <1>     dw remark - funTbl
   123                              <1> 
   124 00000962 FF                  <1>     db -1    ;Demarkate the end of the table
   125                              <1> ;End of Table
   126                              <1> badCmd:
   127 00000963 488D2DDE0C0000      <1>     lea rbp, syntax
   128 0000096A E8A9F7FFFF          <1>     call criticalError 
   129                              <1> endProg:
   130 0000096F E96A010000          <1>     jmp runProgram.endProgramPoint
   131                              <1> tron:
   132 00000974 800D(D90E0000)02    <1>     or byte [stateByte], traceBit   ;Set the traceBit
   133 0000097B C3                  <1>     ret
   134                              <1> troff:
   135 0000097C 8025(D90E0000)FD    <1>     and byte [stateByte], ~traceBit ;Clear the traceBit
   136 00000983 C3                  <1>     ret
   137                              <1> notWrapper:
   138 00000984 6687DB              <1>     xchg bx, bx
   139 00000987 E947FBFFFF          <1>     jmp handleAlgebraicExpression.not
   140                              <1> memRead:
   141                              <1> memWrite:
   142                              <1> byteRead:
   143                              <1> byteWrite:
   144 0000098C C3                  <1>     ret
   145                              <1> remark:
   146                              <1> ;Comment code, keep looping until end of line
   147 0000098D AC                  <1>     lodsb
   148 0000098E 84C0                <1>     test al, al 
   149 00000990 75FB                <1>     jnz remark
   150 00000992 48FFCE              <1>     dec rsi ;When al = 0, rsi points past it, move it back by one
   151 00000995 C3                  <1>     ret
   152                              <1> 
   153                              <1> oldSchoolAssignemnt:
   154                              <1> ;Assign with a LET directive
   155                              <1> ;rsi points to first char AFTER function name
   156 00000996 E817FAFFFF          <1>     call spaceSkip  ;Goto var assignment as if at start of line
   157                              <1> variableAssignment: ;Assignment without a LET directive
   158                              <1>     ;Establish if the string is a variable assignment or not
   159                              <1>     ;rsi points to start of string
   160 0000099B E81DFAFFFF          <1>     call getVarNameLength   ;Get the variable name length
   161 000009A0 4889F7              <1>     mov rdi, rsi    ;Save ptr to start of string in rdi
   162 000009A3 4801CE              <1>     add rsi, rcx    ;Go to end of string
   163 000009A6 E807FAFFFF          <1>     call spaceSkip  ;Skip spaces after the end of the var name
   164 000009AB AC                  <1>     lodsb   ;Get the first char after the spaces. This must be a =
   165 000009AC 3C3D                <1>     cmp al, "="
   166 000009AE 7551                <1>     jne .syntaxError
   167 000009B0 4889FE              <1>     mov rsi, rdi    ;Return rsi to the start of the string name
   168 000009B3 4801CE              <1>     add rsi, rcx    ;Go to end of var name
   169 000009B6 48FFCE              <1>     dec rsi
   170 000009B9 AC                  <1>     lodsb   ;Get last char into al and inc rsi
   171 000009BA 3C24                <1>     cmp al, "$"
   172 000009BC 7420                <1>     je .stringAssignment
   173 000009BE E8EFF9FFFF          <1>     call spaceSkip  ;Skip any spaces
   174 000009C3 48FFC6              <1>     inc rsi         ;Go past the equality sign
   175 000009C6 E8E7F9FFFF          <1>     call spaceSkip  ;Skip any spaces
   176 000009CB 803E22              <1>     cmp byte [rsi], 22h ;Open speech mark
   177 000009CE 743D                <1>     je .typError    ;Integers cant have speechmarks
   178 000009D0 E830FAFFFF          <1>     call handleAlgebraicExpression  ;Get the result of the expression into rax
   179 000009D5 4889FE              <1>     mov rsi, rdi    ;Return the start of the string into rsi
   180 000009D8 E8F4FDFFFF          <1>     call setNumericVariable
   181 000009DD C3                  <1>     ret
   182                              <1> .stringAssignment:
   183                              <1> ;This simply copies the string which is either speech mark, 0 or : terminated
   184                              <1> ;First allocate a string
   185                              <1> ;rsi = First char after the end of the variable name
   186                              <1> ;rdi = start of variable name 
   187                              <1> ;rcx = char count for var name
   188 000009DE E8CFF9FFFF          <1>     call spaceSkip  ;Skip any spaces
   189 000009E3 48FFC6              <1>     inc rsi         ;Go past the equality sign
   190 000009E6 E8C7F9FFFF          <1>     call spaceSkip  ;Skip any spaces
   191 000009EB 803E22              <1>     cmp byte [rsi], 22h ;Open speechmark check again
   192 000009EE 751D                <1>     jne .typError    ;Assigning a number to a string is a type error
   193                              <1>     ;rsi now points to the start of the string to save
   194 000009F0 48FFC6              <1>     inc rsi ;Go past the speech mark
   195 000009F3 4889F2              <1>     mov rdx, rsi    ;save start of string data in rdx
   196 000009F6 4889FE              <1>     mov rsi, rdi
   197 000009F9 57                  <1>     push rdi
   198 000009FA E809FEFFFF          <1>     call setStringVariable
   199 000009FF 5E                  <1>     pop rsi ;Save the start of the assignment in rsi
   200 00000A00 C3                  <1>     ret
   201                              <1> 
   202                              <1> .syntaxError:
   203 00000A01 488D2D400C0000      <1>     lea rbp, syntax ;Syntax error, keyword a bit confused
   204 00000A08 E90BF7FFFF          <1>     jmp criticalError
   205                              <1> .typError:
   206 00000A0D 488D2D430C0000      <1>     lea rbp, typeError
   207 00000A14 E9FFF6FFFF          <1>     jmp criticalError
   208                              <1> 
   209                              <1> 
   210                              <1> newProgram: 
   211                              <1> ;Simply reset the program pointers
   212 00000A19 488D05(00000000)    <1>     lea rax, section.programArea.vstart
   213 00000A20 488905(C80E0000)    <1>     mov qword [minMemAddr], rax
   214 00000A27 488905(E20E0000)    <1>     mov qword [lastBlock], rax  ;Start writing at this location
   215 00000A2E 488905(DA0E0000)    <1>     mov qword [mcbChain], rax   ;Create a mock MCB here
   216                              <1> 
   217 00000A35 4889C2              <1>     mov rdx, rax
   218 00000A38 0FB74801            <1>     movzx ecx, word [rax + memBlock.wBlockSize]
   219 00000A3C 4889C7              <1>     mov rdi, rax
   220 00000A3F 30C0                <1>     xor al, al
   221 00000A41 F3AA                <1>     rep stosb   ;Sanitise the old first allocation
   222                              <1> 
   223 00000A43 C60272              <1>     mov byte [rdx + memBlock.bSignature], lastMemBlock
   224 00000A46 66C742010000        <1>     mov word [rdx + memBlock.wBlockSize], 0 ;Dummy block, no size, gets overwritten
   225 00000A4C 31C0                <1>     xor eax, eax
   226 00000A4E 8805(D80E0000)      <1>     mov byte [strLen], al
   227 00000A54 488D3D(980D0000)    <1>     lea rdi, inString
   228 00000A5B B900010000          <1>     mov ecx, maxLineLen
   229 00000A60 F3AA                <1>     rep stosb
   230 00000A62 C605(F40E0000)0A    <1>     mov byte [currentLine], 10  ;Default to line 10
   231 00000A69 31C0                <1>     xor eax, eax,
   232 00000A6B 48FFC8              <1>     dec rax ;rax = -1
   233 00000A6E 488905(EA0E0000)    <1>     mov qword [firstLinPtr], rax ;No program in memory
   234 00000A75 668905(F20E0000)    <1>     mov word [firstLinNum], ax
   235 00000A7C C3                  <1>     ret
   236                              <1> listProgram:
   237                              <1> ;Go line by line and echo the program lines, inserting a crlf after each
   238                              <1> ;First print the line number, then add a space
   239 00000A7D 488B1D(EA0E0000)    <1>     mov rbx, qword [firstLinPtr]    ;Get a pointer to the first program line
   240                              <1> .printLines:
   241 00000A84 488D2D720B0000      <1>     lea rbp, crlf           ;New line
   242 00000A8B E865F7FFFF          <1>     call ttyOutString
   243 00000A90 4881FBFFFFFFFF      <1>     cmp rbx, -1
   244 00000A97 741F                <1>     je .exit
   245 00000A99 0FB74304            <1>     movzx eax, word [rbx + progLineBlock.wLineNum]
   246 00000A9D E83F080000          <1>     call printdecimalword
   247 00000AA2 B020                <1>     mov al, " "
   248 00000AA4 E840F7FFFF          <1>     call ttyOutChar ;Print a space
   249 00000AA9 488D6B0E            <1>     lea rbp, qword [rbx + progLineBlock.sLine]  ;Null terminated string
   250 00000AAD E843F7FFFF          <1>     call ttyOutString
   251 00000AB2 488B5B06            <1>     mov rbx, qword [rbx + progLineBlock.qPtr]   ;Walk list of program lines
   252 00000AB6 EBCC                <1>     jmp short .printLines
   253                              <1> .exit:
   254 00000AB8 C3                  <1>     ret
   255                              <1> runProgram:
   256                              <1>     ;Runs the machine in indirect mode
   257 00000AB9 800D(D90E0000)04    <1>     or byte [stateByte], indirectBit    ;Entering indirect mode
   258                              <1>     ;rsi must point to the first line
   259 00000AC0 668B15(F20E0000)    <1>     mov dx, word [firstLinNum]
   260 00000AC7 668915(F40E0000)    <1>     mov word [currentLine], dx ;Reset the current line back to the start
   261 00000ACE 488B1D(EA0E0000)    <1>     mov rbx, qword [firstLinPtr]
   262 00000AD5 488D730E            <1>     lea rsi, qword [rbx + progLineBlock.sLine]
   263 00000AD9 E8BBF7FFFF          <1>     call runLine
   264                              <1> .endProgramPoint:
   265 00000ADE 8025(D90E0000)FB    <1>     and byte [stateByte], ~indirectBit  ;Exit indirect mode
   266 00000AE5 E98CF5FFFF          <1>     jmp mainLoop    ;Resets the stack if exit mid loop to avoid stkoverflow
   267                              <1> 
   268                              <1> printStatement:
   269                              <1> ;Strings must be "" delimited or a string variable must be used
   270                              <1> ;rsi points to first char AFTER function name
   271                              <1> .printStart:
   272 00000AEA E8C3F8FFFF          <1>     call spaceSkip  ;move rsi to the start of the expression
   273 00000AEF AC                  <1>     lodsb
   274                              <1> 
   275 00000AF0 84C0                <1>     test al, al     ;Is this a null string?
   276 00000AF2 746B                <1>     jz .psvexit
   277 00000AF4 3C22                <1>     cmp al, 022h    ;22h = ASCII Speechmarks
   278 00000AF6 7449                <1>     je .stringPrint
   279                              <1>     ;Here we check if the first char is ASCII, if it is, check if its a string var
   280 00000AF8 3C41                <1>     cmp al, "A"
   281 00000AFA 7204                <1>     jb .printExpr
   282 00000AFC 3C5A                <1>     cmp al, "Z"
   283 00000AFE 7214                <1>     jb .printStringVar
   284                              <1> .printExpr:
   285 00000B00 48FFCE              <1>     dec rsi ;Return to the start of the string
   286                              <1> .printExpr1:    ;Return without dec rsi
   287 00000B03 E8FDF8FFFF          <1>     call handleAlgebraicExpression ;Gets value of a var and/or algebraic operation
   288 00000B08 E8D4070000          <1>     call printdecimalword
   289 00000B0D E8A0F8FFFF          <1>     call spaceSkip
   290 00000B12 EB2D                <1>     jmp short .stringPrint
   291                              <1> .printStringVar:
   292                              <1>     ;Check if it is a string var or a unary function
   293 00000B14 48FFCE              <1>     dec rsi
   294 00000B17 E8A1F8FFFF          <1>     call getVarNameLength
   295 00000B1C E8C9F8FFFF          <1>     call getVarType
   296 00000B21 81FB01000000        <1>     cmp ebx, strEquate
   297 00000B27 75DA                <1>     jne .printExpr1  ;rsi points to the same point as initially
   298 00000B29 E889080000          <1>     call findVariable   ;ecx has string length, get block ptr in rbx
   299 00000B2E 55                  <1>     push rbp
   300 00000B2F 488D6B04            <1>     lea rbp, qword [rbx + stringBlock.string]
   301 00000B33 E8BDF6FFFF          <1>     call ttyOutString
   302 00000B38 5D                  <1>     pop rbp
   303 00000B39 4801CE              <1>     add rsi, rcx    ;Go past variable
   304 00000B3C E871F8FFFF          <1>     call spaceSkip
   305                              <1> .stringPrint:
   306 00000B41 AC                  <1>     lodsb
   307 00000B42 3C00                <1>     cmp al, 0
   308 00000B44 7419                <1>     je .psvexit
   309 00000B46 3C3A                <1>     cmp al, ":"
   310 00000B48 7412                <1>     je .psvexitColon
   311 00000B4A 3C22                <1>     cmp al, 022h    ;Close Speech marks, check next char
   312 00000B4C 741E                <1>     je .closespeechmarks
   313 00000B4E 3C3B                <1>     cmp al, ";"     ;Semicolon means print next section on same line
   314 00000B50 742D                <1>     je .continue
   315 00000B52 E892F6FFFF          <1>     call ttyOutChar
   316 00000B57 EBE8                <1>     jmp short .stringPrint
   317                              <1> .openSpeechMark:
   318 00000B59 48FFC6              <1>     inc rsi ;Go back a char
   319                              <1> .psvexitColon:
   320 00000B5C 48FFCE              <1>     dec rsi ;Go back a char
   321                              <1> .psvexit:
   322 00000B5F 488D2D970A0000      <1>     lea rbp, crlf
   323 00000B66 E88AF6FFFF          <1>     call ttyOutString
   324 00000B6B C3                  <1>     ret
   325                              <1> .closespeechmarks:
   326 00000B6C E841F8FFFF          <1>     call spaceSkip
   327 00000B71 AC                  <1>     lodsb
   328 00000B72 3C3B                <1>     cmp al, ";" ;only exception to exiting if next non space char is a semicolon
   329 00000B74 0F8470FFFFFF        <1>     je .printStart
   330 00000B7A 48FFCE              <1>     dec rsi ;Go back a step
   331 00000B7D EBE0                <1>     jmp short .psvexit
   332                              <1> .continue:
   333 00000B7F E82EF8FFFF          <1>     call spaceSkip
   334 00000B84 E961FFFFFF          <1>     jmp .printStart
   335                              <1> getInput:
   336                              <1> ;Take a string as a prompt
   337                              <1> ;rdi points just past the end of the command line
   338                              <1> ;rsi points to first char AFTER function name
   339                              <1> ;Input prompt strings must be speech mark delimited on both sides!
   340 00000B89 E824F8FFFF          <1>     call spaceSkip
   341                              <1>     ;Now check to see if the user has specified a custom prompt
   342 00000B8E AC                  <1>     lodsb   ;Get first symbol and go past it
   343 00000B8F 3C22                <1>     cmp al, 22h ;Speechmark?
   344 00000B91 7535                <1>     jne .defaultPrompt ;If no speechmark, print default prompt
   345                              <1> .customPrompt:
   346 00000B93 4889F7              <1>     mov rdi, rsi    ;Save start of string in rdi
   347                              <1> .cp0:
   348 00000B96 AC                  <1>     lodsb           ;Now search for end of string speech marks or null terminator
   349 00000B97 3C22                <1>     cmp al, 22h     ;Is al a speech mark?
   350 00000B99 7410                <1>     je .printCustomPrompt
   351 00000B9B 84C0                <1>     test al, al     ;Is al null?
   352 00000B9D 75F7                <1>     jnz .cp0        ;No, keep searching for terminator
   353                              <1> .error:
   354 00000B9F 488D2DA20A0000      <1>     lea rbp, syntax
   355 00000BA6 E96DF5FFFF          <1>     jmp criticalError
   356                              <1> .printCustomPrompt:
   357 00000BAB 4889FE              <1>     mov rsi, rdi    ;rsi points to the first char of the string
   358                              <1> .pcp0:
   359 00000BAE AC                  <1>     lodsb
   360 00000BAF 3C22                <1>     cmp al, 22h     ;Speechmark?
   361 00000BB1 7407                <1>     je .stopPrompt
   362 00000BB3 E831F6FFFF          <1>     call ttyOutChar
   363 00000BB8 EBF4                <1>     jmp short .pcp0
   364                              <1> .stopPrompt:
   365 00000BBA E8F3F7FFFF          <1>     call spaceSkip  ;Skip spaces
   366 00000BBF AC                  <1>     lodsb   ;Get first non space char after closing speechmark
   367 00000BC0 3C3B                <1>     cmp al, ";" ;Semicolon means no default prompt
   368 00000BC2 740E                <1>     je .noDefaultPrompt
   369 00000BC4 3C2C                <1>     cmp al, "," ;Comma also means no default prompt
   370 00000BC6 740A                <1>     je .noDefaultPrompt
   371                              <1> .defaultPrompt:
   372 00000BC8 48FFCE              <1>     dec rsi
   373 00000BCB B03F                <1>     mov al, "?"
   374 00000BCD E817F6FFFF          <1>     call ttyOutChar
   375                              <1> .noDefaultPrompt:
   376 00000BD2 B020                <1>     mov al, " " ;space
   377 00000BD4 E810F6FFFF          <1>     call ttyOutChar
   378 00000BD9 E8D4F7FFFF          <1>     call spaceSkip  ;Skip spaces after default supressor to get to var name
   379 00000BDE E8DAF7FFFF          <1>     call getVarNameLength   ;Get var name length in ecx
   380 00000BE3 488D3D(980E0000)    <1>     lea rdi, digitString    ;Buffer has 48 chars, string names are max 40
   381 00000BEA E890090000          <1>     call strcpy     ;rsi points to var name
   382 00000BEF 57                  <1>     push rdi    ;rdi points to first char of variable
   383 00000BF0 51                  <1>     push rcx
   384 00000BF1 E841F5FFFF          <1>     call getLineInput   ;Get input from the user in inString, null terminated
   385                              <1>     ;This will sanitise in direct mode meaning input cannot have any more statements
   386                              <1>     ; after it.
   387 00000BF6 59                  <1>     pop rcx
   388 00000BF7 5F                  <1>     pop rdi 
   389 00000BF8 4889FE              <1>     mov rsi, rdi    ;Save the start of the var name in rsi
   390 00000BFB 4801CE              <1>     add rsi, rcx    ;Go to end of var
   391 00000BFE 48FFCE              <1>     dec rsi
   392 00000C01 AC                  <1>     lodsb   ;Are we a string variable?
   393 00000C02 488D35(980D0000)    <1>     lea rsi, inString   ;Move rsi to start of user input
   394 00000C09 3C24                <1>     cmp al, "$"
   395 00000C0B 740F                <1>     je .handleString
   396                              <1> .handleNumeric:
   397 00000C0D E8F3F7FFFF          <1>     call handleAlgebraicExpression  ;Get the result of the expression into rax
   398 00000C12 4889FE              <1>     mov rsi, rdi    ;Return the start of the string into rsi
   399 00000C15 E8B7FBFFFF          <1>     call setNumericVariable
   400 00000C1A EB0B                <1>     jmp short .commonExit
   401                              <1> .handleString:
   402                              <1>     ;IF a string variable, come here
   403                              <1>     ;rdi has the start of the variable name
   404                              <1> 
   405                              <1>     ;rdx must point to the start of the string
   406                              <1>     ;rsi must point to the start of the variable name
   407 00000C1C 4889F2              <1>     mov rdx, rsi
   408 00000C1F 4889FE              <1>     mov rsi, rdi    ;Return start of user name in rsi
   409 00000C22 E8E1FBFFFF          <1>     call setStringVariable
   410                              <1> .commonExit:
   411 00000C27 C3                  <1>     ret
   412                              <1> 
   413                              <1> ;==========================================================:
   414                              <1> ;==========================================================:
   415                              <1> ;==========================================================:
   416                              <1> ;          Functions Related to Program Management         :
   417                              <1> ;==========================================================:
   418                              <1> ;==========================================================:
   419                              <1> ;==========================================================:
   420                              <1> returnToDOS:
   421 00000C28 CD20                <1>     int 20h
   422                              <1> cls:
   423 00000C2A E9F0F5FFFF          <1>     jmp ttyClear
   424                              <1> dbgr:
   425                              <1> ;Hook int 40h to main prog EP to allow returning 
   426                              <1> ;First call to get default BIOS segement selector and attribute word
   427 00000C2F B040                <1>     mov al, 40h          ;Interrupt number
   428 00000C31 8D1507000000        <1>     lea edx, .farReturn
   429 00000C37 E8F6F4FFFF          <1>     call setHandler
   430                              <1> 
   431 00000C3C CD38                <1>     int 38h ;Call debugger
   432                              <1> .farReturn:
   433                              <1>     ;Reconnect CTRL+BREAK handler
   434 00000C3E 48BC-               <1>     mov rsp, stacktop   ;Immediately reset stack
   434 00000C40 [900D000000000000]  <1>
   435                              <1>     
   436 00000C48 488D15DAF4FFFF      <1>     lea rdx, ctrlBreakHandler
   437 00000C4F B023                <1>     mov al, 23h         ;CTRL+C handler
   438 00000C51 E8DCF4FFFF          <1>     call setHandler
   439                              <1>     
   440 00000C56 488D2DA0090000      <1>     lea rbp, crlf
   441 00000C5D E893F5FFFF          <1>     call ttyOutString
   442 00000C62 E90FF4FFFF          <1>     jmp mainLoop
    11                                  %include "./src/CTRLFLOW.ASM"
     1                              <1> 
     2                              <1> ;Handles all the specific functions related to control flow such as scanning 
     3                              <1> ; lines for WEND, RETURN, NEXT
     4                              <1> retScan:
     5                              <1> ;Gets the current line address and starts searching program from current prog line
     6                              <1> ; for a return
     7 00000C67 56                  <1>     push rsi
     8 00000C68 668B15(F40E0000)    <1>     mov dx, word [currentLine]  ;pre-load dx with the current line number
     9 00000C6F E8B3070000          <1>     call searchForProgramLine   ;Get program block pointer into rbx
    10 00000C74 4881FBFFFFFFFF      <1>     cmp rbx, -1 ;If for some reason line doesnt exist?
    11 00000C7B 0F8493000000        <1>     je .error   ;Unknown Error
    12                              <1> ;Now pack for the first portion/line after the GOSUB
    13                              <1> ;rsi points just after the GOSUB itself
    14 00000C81 56                  <1>     push rsi    ;Save the first point after the WHILE itself
    15 00000C82 E88EFBFFFF          <1>     call findOtherExpressionsOnLine     ;Get the first : or ASCII NUL
    16 00000C87 0FB74304            <1>     movzx eax, word [rbx + progLineBlock.wLineNum]  ;Get the line number
    17 00000C8B 488D4B0E            <1>     lea rcx, qword [rbx + progLineBlock.sLine]  ;Load ptr to start of string in rsi
    18 00000C8F 4829CE              <1>     sub rsi, rcx    ;Compute difference from start of string
    19 00000C92 89F1                <1>     mov ecx, esi    ;Should just be low byte of si so cl
    20 00000C94 81E1FF000000        <1>     and ecx, 0FFh   ;Save only bottom byte just in case of garbage
    21 00000C9A C1E110              <1>     shl ecx, 2*8    ;Move to the third byte in the dword
    22 00000C9D 09C8                <1>     or eax, ecx     ;Add byte three to eax
    23 00000C9F 89C2                <1>     mov edx, eax    ;Save in edx
    24 00000CA1 48C1E228            <1>     shl rdx, 5*8    ;Shift three bytes to top of qword
    25 00000CA5 5E                  <1>     pop rsi
    26                              <1> .initialSearch:
    27                              <1>     ;First look for a ASCII NUL or RETURN
    28 00000CA6 803E00              <1>     cmp byte [rsi], 0
    29 00000CA9 7415                <1>     je .gotoNextLine
    30 00000CAB 813E52455455        <1>     cmp dword [rsi], "RETU"
    31 00000CB1 7508                <1>     jne .notCandidate
    32 00000CB3 66817E04524E        <1>     cmp word [rsi + 4], "RN"
    33 00000CB9 7418                <1>     je .wordFound
    34                              <1> .notCandidate:
    35 00000CBB 48FFC6              <1>     inc rsi ;Now search up until the end of the line for a RETURN
    36 00000CBE EBE6                <1>     jmp short .initialSearch
    37                              <1> .gotoNextLine:
    38 00000CC0 488B5B06            <1>     mov rbx, qword [rbx + progLineBlock.qPtr] ;Get pointer to next program line
    39 00000CC4 4881FBFFFFFFFF      <1>     cmp rbx, -1 ;Now, when walking if it gives a value of -1, no NEXT found
    40 00000CCB 7431                <1>     je .noRet
    41 00000CCD 488D730E            <1>     lea rsi, qword [rbx + progLineBlock.sLine] ;Load pointer to string rsi
    42 00000CD1 EBD3                <1>     jmp short .initialSearch
    43                              <1> .wordFound:
    44                              <1>     ;Here, RETURN found! Huzzah! Now pack edx correctly
    45                              <1>     ;Add 055AA55h in bytes 4:2
    46 00000CD3 48B8000055AA550000- <1>     mov rax, 055AA550000h
    46 00000CDC 00                  <1>
    47 00000CDD 4809C2              <1>     or rdx, rax
    48                              <1>     ;Compute checksum now
    49 00000CE0 31C0                <1>     xor eax, eax
    50 00000CE2 B0A5                <1>     mov al, GOSUBsig 
    51 00000CE4 6689C2              <1>     mov dx, ax  ;Zero checksum byte
    52 00000CE7 31C0                <1>     xor eax, eax
    53 00000CE9 B908000000          <1>     mov ecx, 8  ;8 times
    54                              <1> .csumLoop:
    55                              <1>     ;Spin rdx 8 times adding each byte to al
    56 00000CEE 00D0                <1>     add al, dl
    57 00000CF0 48C1C208            <1>     rol rdx, 8  ;Rotate left by 8 bits
    58 00000CF4 FFC9                <1>     dec ecx
    59 00000CF6 75F6                <1>     jnz .csumLoop
    60 00000CF8 F6D8                <1>     neg al ;Get twos compliment of sum (FFh - al)
    61 00000CFA 88C6                <1>     mov dh, al  ;Save in checksum byte
    62                              <1> .exit:
    63 00000CFC 5E                  <1>     pop rsi
    64 00000CFD C3                  <1>     ret
    65                              <1> .noRet:
    66 00000CFE 488D2DE5090000      <1>     lea rbp, noReturn
    67 00000D05 48BAFFFFFFFFFFFFFF- <1>     mov rdx, -1
    67 00000D0E FF                  <1>
    68 00000D0F E9E8FFFFFF          <1>     jmp .exit
    69                              <1> .error:
    70 00000D14 488D2DE6090000      <1>     lea rbp, uknowner
    71 00000D1B 48BAFFFFFFFFFFFFFF- <1>     mov rdx, -1
    71 00000D24 FF                  <1>
    72 00000D25 E9D2FFFFFF          <1>     jmp .exit
    73                              <1> 
    74                              <1> wendScan:
    75                              <1> ; Gets the current line address and starts searching program from the current line
    76                              <1> ; for a WEND
    77                              <1> ; Puts the packed specialQword into rdx if a WEND is found
    78                              <1> ; Returns rdx = -1 if an error occured with rbp pointing to the error string
    79 00000D2A 56                  <1>     push rsi
    80 00000D2B 668B15(F40E0000)    <1>     mov dx, word [currentLine]  ;pre-load dx with the current line number
    81 00000D32 E8F0060000          <1>     call searchForProgramLine   ;Get program block pointer into rbx
    82 00000D37 4881FBFFFFFFFF      <1>     cmp rbx, -1 ;If for some reason line doesnt exist?
    83 00000D3E 0F84A2000000        <1>     je .error   ;Unknown Error
    84                              <1> ;Now pack for the first portion/line after the for loop
    85                              <1> ;rsi points just after the FOR itself
    86 00000D44 56                  <1>     push rsi    ;Save the first point after the WHILE itself
    87 00000D45 E8CBFAFFFF          <1>     call findOtherExpressionsOnLine     ;Get the first : or ASCII NUL
    88 00000D4A 0FB74304            <1>     movzx eax, word [rbx + progLineBlock.wLineNum]  ;Get the line number
    89 00000D4E 488D4B0E            <1>     lea rcx, qword [rbx + progLineBlock.sLine]  ;Load ptr to start of string in rsi
    90 00000D52 4829CE              <1>     sub rsi, rcx    ;Compute difference from start of string
    91 00000D55 89F1                <1>     mov ecx, esi    ;Should just be low byte of si so cl
    92 00000D57 81E1FF000000        <1>     and ecx, 0FFh   ;Save only bottom byte just in case of garbage
    93 00000D5D C1E110              <1>     shl ecx, 2*8    ;Move to the third byte in the dword
    94 00000D60 09C8                <1>     or eax, ecx     ;Add byte three to eax
    95 00000D62 89C2                <1>     mov edx, eax    ;Save in edx
    96 00000D64 48C1E228            <1>     shl rdx, 5*8    ;Shift three bytes to top of qword
    97 00000D68 5E                  <1>     pop rsi
    98                              <1> .initialSearch:
    99                              <1>     ;First look for a : or a ASCII NUL to leave the WHILE part of the line
   100 00000D69 803E00              <1>     cmp byte [rsi], 0
   101 00000D6C 740D                <1>     je .gotoNextLine
   102 00000D6E 813E57454E44        <1>     cmp dword [rsi], "WEND"
   103 00000D74 7418                <1>     je .wordFound
   104 00000D76 48FFC6              <1>     inc rsi ;Now search up until the end of the line for a WEND
   105                              <1>     ;"WEND" found here!
   106 00000D79 EBEE                <1>     jmp short .initialSearch
   107                              <1> .gotoNextLine:
   108 00000D7B 488B5B06            <1>     mov rbx, qword [rbx + progLineBlock.qPtr] ;Get pointer to next program line
   109 00000D7F 4881FBFFFFFFFF      <1>     cmp rbx, -1 ;Now, when walking if it gives a value of -1, no NEXT found
   110 00000D86 7448                <1>     je .noWend
   111 00000D88 488D730E            <1>     lea rsi, qword [rbx + progLineBlock.sLine] ;Load pointer to string rsi
   112 00000D8C EBDB                <1>     jmp short .initialSearch
   113                              <1> .wordFound:
   114                              <1>     ;Here, word found! Huzzah! Now pack edx correctly
   115                              <1>     ;rsi points to the N in "WEND "
   116 00000D8E E882FAFFFF          <1>     call findOtherExpressionsOnLine 
   117                              <1>     ;make rsi point to next expression on the line or the end of the line
   118 00000D93 0FB74304            <1>     movzx eax, word [rbx + progLineBlock.wLineNum]  ;Get the line number
   119 00000D97 488D4B0E            <1>     lea rcx, qword [rbx + progLineBlock.sLine]  ;Load ptr to start of string in rsi
   120 00000D9B 4829CE              <1>     sub rsi, rcx    ;Compute difference from start of string
   121 00000D9E 89F1                <1>     mov ecx, esi    ;Should just be low byte of si so cl
   122 00000DA0 81E1FF000000        <1>     and ecx, 0FFh   ;Save only bottom byte just in case of garbage
   123 00000DA6 C1E110              <1>     shl ecx, 2*8    ;Move to the third byte in the dword
   124 00000DA9 09C8                <1>     or eax, ecx     ;Add byte three to eax
   125 00000DAB 48C1E010            <1>     shl rax, 8*2    ;Shift three bytes to byte 4 of qword
   126 00000DAF 4809C2              <1>     or rdx, rax     ;Add bytes [4:2] to rdx
   127                              <1>     ;Compute checksum now
   128 00000DB2 31C0                <1>     xor eax, eax
   129 00000DB4 B055                <1>     mov al, WHILEsig 
   130 00000DB6 6689C2              <1>     mov dx, ax  ;Zero checksum byte
   131 00000DB9 31C0                <1>     xor eax, eax
   132 00000DBB B908000000          <1>     mov ecx, 8  ;8 times
   133                              <1> .csumLoop:
   134                              <1>     ;Spin rdx 8 times adding each byte to al
   135 00000DC0 00D0                <1>     add al, dl
   136 00000DC2 48C1C208            <1>     rol rdx, 8  ;Rotate left by 8 bits
   137 00000DC6 FFC9                <1>     dec ecx
   138 00000DC8 75F6                <1>     jnz .csumLoop
   139 00000DCA F6D8                <1>     neg al ;Get twos compliment of sum (FFh - al)
   140 00000DCC 88C6                <1>     mov dh, al  ;Save in checksum byte
   141                              <1> .exit:
   142 00000DCE 5E                  <1>     pop rsi
   143 00000DCF C3                  <1>     ret
   144                              <1> .noWend:
   145 00000DD0 488D2DC3080000      <1>     lea rbp, noWend
   146 00000DD7 48BAFFFFFFFFFFFFFF- <1>     mov rdx, -1
   146 00000DE0 FF                  <1>
   147 00000DE1 E9E8FFFFFF          <1>     jmp .exit
   148                              <1> .error:
   149 00000DE6 488D2D14090000      <1>     lea rbp, uknowner
   150 00000DED 48BAFFFFFFFFFFFFFF- <1>     mov rdx, -1
   150 00000DF6 FF                  <1>
   151 00000DF7 E9D2FFFFFF          <1>     jmp .exit
   152                              <1> nextScan:
   153                              <1> ; Gets the current line address and starts searching program from the current line
   154                              <1> ; for a NEXT
   155                              <1> ; Puts the packed specialQword into rdx if a NEXT is found
   156                              <1> ; Returns rdx = -1 if an error occured with rbp pointing to the error string
   157 00000DFC 56                  <1>     push rsi
   158 00000DFD 668B15(F40E0000)    <1>     mov dx, word [currentLine]  ;pre-load dx with the current line number
   159 00000E04 E81E060000          <1>     call searchForProgramLine   ;Get program block pointer into rbx
   160 00000E09 4881FBFFFFFFFF      <1>     cmp rbx, -1 ;If for some reason line doesnt exist?
   161 00000E10 0F84A2000000        <1>     je .error   ;Unknown Error
   162                              <1> ;Now pack for the first portion/line after the for loop
   163                              <1> ;rsi points just after the FOR itself
   164 00000E16 56                  <1>     push rsi    ;Save the first point after the FOR itself
   165 00000E17 E8F9F9FFFF          <1>     call findOtherExpressionsOnLine     ;Get the first : or ASCII NUL
   166 00000E1C 0FB74304            <1>     movzx eax, word [rbx + progLineBlock.wLineNum]  ;Get the line number
   167 00000E20 488D4B0E            <1>     lea rcx, qword [rbx + progLineBlock.sLine]  ;Load ptr to start of string in rsi
   168 00000E24 4829CE              <1>     sub rsi, rcx    ;Compute difference from start of string
   169 00000E27 89F1                <1>     mov ecx, esi    ;Should just be low byte of si so cl
   170 00000E29 81E1FF000000        <1>     and ecx, 0FFh   ;Save only bottom byte just in case of garbage
   171 00000E2F C1E110              <1>     shl ecx, 2*8    ;Move to the third byte in the dword
   172 00000E32 09C8                <1>     or eax, ecx     ;Add byte three to eax
   173 00000E34 89C2                <1>     mov edx, eax    ;Save in edx
   174 00000E36 48C1E228            <1>     shl rdx, 5*8    ;Shift three bytes to top of qword
   175 00000E3A 5E                  <1>     pop rsi
   176                              <1> .initialSearch:
   177                              <1>     ;First look for a : or a ASCII NUL to leave the FOR part of the line
   178 00000E3B 803E00              <1>     cmp byte [rsi], 0
   179 00000E3E 740D                <1>     je .gotoNextLine
   180 00000E40 813E4E455854        <1>     cmp dword [rsi], "NEXT"
   181 00000E46 7418                <1>     je .wordFound
   182 00000E48 48FFC6              <1>     inc rsi ;Now search up until the end of the line for a NEXT
   183                              <1>     ;"NEXT" found here!
   184 00000E4B EBEE                <1>     jmp short .initialSearch
   185                              <1> .gotoNextLine:
   186 00000E4D 488B5B06            <1>     mov rbx, qword [rbx + progLineBlock.qPtr] ;Get pointer to next program line
   187 00000E51 4881FBFFFFFFFF      <1>     cmp rbx, -1 ;Now, when walking if it gives a value of -1, no NEXT found
   188 00000E58 7448                <1>     je .noNext
   189 00000E5A 488D730E            <1>     lea rsi, qword [rbx + progLineBlock.sLine] ;Load pointer to string rsi
   190 00000E5E EBDB                <1>     jmp short .initialSearch
   191                              <1> .wordFound:
   192                              <1>     ;Here, word found! Huzzah! Now pack edx correctly
   193                              <1>     ;rsi points to the N in "NEXT "
   194 00000E60 E8B0F9FFFF          <1>     call findOtherExpressionsOnLine 
   195                              <1>     ;make rsi point to next expression on the line or the end of the line
   196 00000E65 0FB74304            <1>     movzx eax, word [rbx + progLineBlock.wLineNum]  ;Get the line number
   197 00000E69 488D4B0E            <1>     lea rcx, qword [rbx + progLineBlock.sLine]  ;Load ptr to start of string in rsi
   198 00000E6D 4829CE              <1>     sub rsi, rcx    ;Compute difference from start of string
   199 00000E70 89F1                <1>     mov ecx, esi    ;Should just be low byte of si so cl
   200 00000E72 81E1FF000000        <1>     and ecx, 0FFh   ;Save only bottom byte just in case of garbage
   201 00000E78 C1E110              <1>     shl ecx, 2*8    ;Move to the third byte in the dword
   202 00000E7B 09C8                <1>     or eax, ecx     ;Add byte three to eax
   203 00000E7D 48C1E010            <1>     shl rax, 8*2    ;Shift three bytes to byte 4 of qword
   204 00000E81 4809C2              <1>     or rdx, rax     ;Add bytes [4:2] to rdx
   205                              <1>     ;Compute checksum now
   206 00000E84 31C0                <1>     xor eax, eax
   207 00000E86 B05A                <1>     mov al, FORsig 
   208 00000E88 6689C2              <1>     mov dx, ax  ;Zero checksum byte
   209 00000E8B 31C0                <1>     xor eax, eax
   210 00000E8D B908000000          <1>     mov ecx, 8  ;8 times
   211                              <1> .csumLoop:
   212                              <1>     ;Spin rdx 8 times adding each byte to al
   213 00000E92 00D0                <1>     add al, dl
   214 00000E94 48C1C208            <1>     rol rdx, 8  ;Rotate left by 8 bits
   215 00000E98 FFC9                <1>     dec ecx
   216 00000E9A 75F6                <1>     jnz .csumLoop
   217 00000E9C F6D8                <1>     neg al ;Get twos compliment of sum (FFh - al)
   218 00000E9E 88C6                <1>     mov dh, al  ;Save in checksum byte
   219                              <1> .exit:
   220 00000EA0 5E                  <1>     pop rsi
   221 00000EA1 C3                  <1>     ret
   222                              <1> .noNext:
   223 00000EA2 488D2D2E080000      <1>     lea rbp, noNext
   224 00000EA9 48BAFFFFFFFFFFFFFF- <1>     mov rdx, -1
   224 00000EB2 FF                  <1>
   225 00000EB3 E9E8FFFFFF          <1>     jmp .exit
   226                              <1> .error:
   227 00000EB8 488D2D42080000      <1>     lea rbp, uknowner
   228 00000EBF 48BAFFFFFFFFFFFFFF- <1>     mov rdx, -1
   228 00000EC8 FF                  <1>
   229 00000EC9 E9D2FFFFFF          <1>     jmp .exit
   230                              <1> ;=======================================
   231                              <1> ;  ACTUAL CONTROL FLOW FUNCTIONS HERE  :
   232                              <1> ;=======================================
   233                              <1> ;All below functions return the line number in dx and the offset into the line
   234                              <1> ; to start reading at in byte three of edx
   235                              <1> goto:
   236                              <1> ;GOTO, works by replacing the address after the return address on the stack
   237                              <1> ;rsi points to first char AFTER function name
   238 00000ECE E8DFF4FFFF          <1>     call spaceSkip  ;Skip all preceeding spaces
   239 00000ED3 E82DF5FFFF          <1>     call handleAlgebraicExpression  ;Turn the expression into a number in ax
   240 00000ED8 0FB7D0              <1>     movzx edx, ax   ;Line number into dx, start at beginning of line
   241 00000EDB 800D(D90E0000)08    <1>     or byte [stateByte], ctrlFlow   ;Set branch bit
   242 00000EE2 C3                  <1>     ret
   243                              <1> 
   244                              <1> gosub:
   245 00000EE3 E87FFDFFFF          <1>     call retScan
   246 00000EE8 4881FAFFFFFFFF      <1>     cmp rdx, -1
   247 00000EEF 7436                <1>     je .error
   248 00000EF1 B901000000          <1>     mov ecx, gosubStruct_size/8
   249                              <1>     makeSpaceOnStack rcx  ;Make four qwords of space on the stack
   105                              <2> 
   106                              <2> 
   107                              <2> 
   108 00000EF6 58                  <2>  pop rax
   109 00000EF7 48C1E103            <2>  shl %1, 3
   110 00000EFB 4829CC              <2>  sub rsp, %1
   111 00000EFE 488D2D(50000000)    <2>  lea rbp, stack
   112 00000F05 4839EC              <2>  cmp rsp, rbp
   113 00000F08 770C                <2>  ja .macroNotOverflow
   114 00000F0A 488D2D78070000      <2>  lea rbp, stkOvflw
   115 00000F11 E902F2FFFF          <2>  jmp criticalError
   116                              <2> .macroNotOverflow:
   117                              <2> 
   118                              <2> 
   119 00000F16 50                  <2>  push rax
   250 00000F17 4889E5              <1>     mov rbp, rsp
   251 00000F1A 4881C508000000      <1>     add rbp, 8  ;Make rbp point to the base of the new struc
   252 00000F21 48895500            <1>     mov qword [rbp + forStruct.specQword], rdx  ;Move rdx into its place on the stack
   253                              <1>     ;rsi points just past the GOSUB
   254 00000F25 EBA7                <1>     jmp short goto ;Now behave like GOTO
   255                              <1> .error:
   256 00000F27 E9ECF1FFFF          <1>     jmp criticalError
   257                              <1> 
   258                              <1> return:
   259                              <1> ;First verify the GOSUB struc is on the stack
   260 00000F2C 4889E5              <1>     mov rbp, rsp    ;Dont need to save rbp so trash it
   261 00000F2F 4881C508000000      <1>     add rbp, 8  ;Make it point to the base of the struc past the return address
   262                              <1>     ;Read the qword on stack, verify it is a GOSUBstruc and passes checksum test
   263 00000F36 488B5500            <1>     mov rdx, qword [rbp + gosubStruct.specQword]
   264 00000F3A 80FAA5              <1>     cmp dl, GOSUBsig
   265 00000F3D 752F                <1>     jne .noReturn
   266                              <1>     ;Now compute checksum to verify its not an accident
   267 00000F3F 30C0                <1>     xor al, al
   268 00000F41 B908000000          <1>     mov ecx, 8
   269                              <1> .checksumTest:
   270 00000F46 00D0                <1>     add al, dl
   271 00000F48 48C1CA08            <1>     ror rdx, 8
   272 00000F4C FFC9                <1>     dec ecx
   273 00000F4E 75F6                <1>     jnz .checksumTest
   274 00000F50 84C0                <1>     test al, al     ;This should be 0
   275 00000F52 751A                <1>     jnz .noReturn
   276                              <1>  ;Now we are truly in a RETURN
   277 00000F54 48C1EA28            <1>     shr rdx, 5*8    ;Bring return information down to the lower three bytes
   278                              <1>     ;Clean the struc from the stack
   279 00000F58 B901000000          <1>     mov ecx, gosubStruct_size/8
   280                              <1>     cleanSpaceOnStack rcx
   123                              <2> 
   124 00000F5D 58                  <2>  pop rax
   125 00000F5E 48C1E103            <2>  shl %1, 3
   126 00000F62 4801CC              <2>  add rsp, %1
   127 00000F65 50                  <2>  push rax
   281 00000F66 800D(D90E0000)08    <1>     or byte [stateByte], ctrlFlow   ;Set branch bit
   282 00000F6D C3                  <1>     ret
   283                              <1> .noReturn:
   284 00000F6E 488D2D75070000      <1>     lea rbp, noReturn
   285 00000F75 E99EF1FFFF          <1>     jmp criticalError
   286                              <1> forLoop:
   287                              <1> ;This saves the following struc on the stack
   288                              <1> ;------------Hi stack addr-------------
   289                              <1> ;stepValue (qword), default 1
   290                              <1> ;limitValue (qword), to which value do we loop
   291                              <1> ;ptr to counter variable (qword)
   292                              <1> ;Special qword:
   293                              <1> ; Byte 7 = Offset into the line for next instruction
   294                              <1> ; Bytes[6:5] = Line number of portion after FOR (either FOR line or line after FOR)
   295                              <1> ; Byte 4 = Offset into the line for next instruction
   296                              <1> ; Bytes[3:2] = Line number of portion after NEXT (either NEXT line or line after NEXT)
   297                              <1> ; Byte 1 = Parity check sum for the qword, makes the sum of the bytes in qword 0
   298                              <1> ; Byte 0 = FOR signature
   299                              <1> ;------------Low stack addr------------
   300                              <1> ;rsp -> Return address
   301                              <1>     ;First check we have a NEXT following this FOR
   302 00000F7A E87DFEFFFF          <1>     call nextScan
   303 00000F7F 4881FAFFFFFFFF      <1>     cmp rdx, -1
   304 00000F86 0F84F5000000        <1>     je .critError
   305                              <1>     ;Here we make space on the stack.
   306 00000F8C B904000000          <1>     mov ecx, forStruct_size/8
   307                              <1>     makeSpaceOnStack rcx  ;Make four qwords of space on the stack
   105                              <2> 
   106                              <2> 
   107                              <2> 
   108 00000F91 58                  <2>  pop rax
   109 00000F92 48C1E103            <2>  shl %1, 3
   110 00000F96 4829CC              <2>  sub rsp, %1
   111 00000F99 488D2D(50000000)    <2>  lea rbp, stack
   112 00000FA0 4839EC              <2>  cmp rsp, rbp
   113 00000FA3 770C                <2>  ja .macroNotOverflow
   114 00000FA5 488D2DDD060000      <2>  lea rbp, stkOvflw
   115 00000FAC E967F1FFFF          <2>  jmp criticalError
   116                              <2> .macroNotOverflow:
   117                              <2> 
   118                              <2> 
   119 00000FB1 50                  <2>  push rax
   308 00000FB2 4889E5              <1>     mov rbp, rsp
   309 00000FB5 4881C508000000      <1>     add rbp, 8  ;Make rbp point to the base of the new struc
   310 00000FBC 48895500            <1>     mov qword [rbp + forStruct.specQword], rdx  ;Move rdx into its place on the stack
   311 00000FC0 56                  <1>     push rsi   ;rsi points to first byte after FOR. The first word should now be a var
   312 00000FC1 B820544F20          <1>     mov eax, " TO " ;First find the TO and STEP values
   313                              <1> .flScanTo:
   314 00000FC6 803E00              <1>     cmp byte [rsi], 0   ;ASCII null w/o a TO? Syntax Error
   315 00000FC9 0F84AB000000        <1>     je .syntaxError
   316 00000FCF 803E3A              <1>     cmp byte [rsi], ":" ;Save for a next statement delimiter
   317 00000FD2 0F84A2000000        <1>     je .syntaxError
   318 00000FD8 3906                <1>     cmp dword [rsi], eax
   319 00000FDA 7405                <1>     je .flToFound
   320 00000FDC 48FFC6              <1>     inc rsi ;Go forwards by a byte
   321 00000FDF EBE5                <1>     jmp short .flScanTo
   322                              <1> .flToFound:
   323                              <1>     ;rsi points to the preceeding space so add 3 to go to trailing space
   324 00000FE1 4881C603000000      <1>     add rsi, 3
   325 00000FE8 E8C5F3FFFF          <1>     call spaceSkip  ;Go to expression to evaluate
   326 00000FED E813F4FFFF          <1>     call handleAlgebraicExpression  ;Get in rax the limit value
   327 00000FF2 48894510            <1>     mov qword [rbp + forStruct.limitValue], rax
   328                              <1>     ;rsi now points to the next word, this should be step, otherwise ignore the word
   329 00000FF6 AD                  <1>     lodsd   ;Get the word in eax
   330 00000FF7 3D53544550          <1>     cmp eax, "STEP"
   331 00000FFC 754F                <1>     jne .defaultStep
   332                              <1>     ;Check it is a "STEP "
   333 00000FFE AC                  <1>     lodsb
   334 00000FFF 3C20                <1>     cmp al, " "
   335 00001001 754A                <1>     jne .defaultStep
   336                              <1>     ;rsi points to a "STEP "
   337 00001003 E8AAF3FFFF          <1>     call spaceSkip  ;Go to expression to evaluate
   338 00001008 E8F8F3FFFF          <1>     call handleAlgebraicExpression  ;Get in rax the step value
   339 0000100D 48894518            <1>     mov qword [rbp + forStruct.stepValue], rax
   340                              <1> .flVariable:
   341 00001011 5E                  <1>     pop rsi ;Get back OG rsi position immediately after FOR
   342 00001012 E89BF3FFFF          <1>     call spaceSkip ;Skip intermediate spaces
   343 00001017 56                  <1>     push rsi
   344 00001018 E87EF9FFFF          <1>     call variableAssignment ;Make the variable assignment, trashes rsi
   345 0000101D 5E                  <1>     pop rsi ;rsi points to the start of the variable again
   346 0000101E E89AF3FFFF          <1>     call getVarNameLength
   347 00001023 E88F030000          <1>     call findVariable   ;Get the variable pointer in rbx
   348 00001028 48895D08            <1>     mov qword [rbp + forStruct.cntrPtr], rbx    ;Save variable pointer
   349                              <1>     ;Now check whether we should run the loop at all?
   350 0000102C 488B5D08            <1>     mov rbx, qword [rbp + forStruct.cntrPtr]
   351 00001030 488B4B04            <1>     mov rcx, qword [rbx + varBlock.qValue]  ;Get the variable value
   352 00001034 488B5D10            <1>     mov rbx, qword [rbp + forStruct.limitValue]
   353                              <1>     ;if rcx >= rbx, branch to after NEXT
   354 00001038 4839D9              <1>     cmp rcx, rbx
   355 0000103B 7D1A                <1>     jge .dontRunFor
   356 0000103D 488B5500            <1>     mov rdx, qword [rbp + forStruct.specQword]
   357 00001041 48C1EA28            <1>     shr rdx, 5*8    ;Upper bytes will be cleared, needed for the "branch"
   358                              <1> .exit:
   359                              <1>     ;Recall edx must have the correct three bytes in it from the special qword
   360 00001045 800D(D90E0000)08    <1>     or byte [stateByte], ctrlFlow   ;Set branch bit
   361 0000104C C3                  <1>     ret
   362                              <1> .defaultStep:
   363 0000104D 48C7451801000000    <1>     mov qword [rbp + forStruct.stepValue], 1
   364 00001055 EBBA                <1>     jmp short .flVariable
   365                              <1> .dontRunFor:
   366                              <1>     ;Move the bytes from the NEXT to edx 
   367 00001057 488B5500            <1>     mov rdx, qword [rbp + forStruct.specQword]
   368 0000105B 48C1EA10            <1>     shr rdx, 2*8    ;Upper bytes will be cleared
   369 0000105F 09D2                <1>     or edx, edx     ;This should zero the upper dword
   370                              <1>     ;Need to also reclaim the stack space
   371 00001061 B904000000          <1>     mov ecx, forStruct_size/8
   372                              <1>     cleanSpaceOnStack rcx
   123                              <2> 
   124 00001066 58                  <2>  pop rax
   125 00001067 48C1E103            <2>  shl %1, 3
   126 0000106B 4801CC              <2>  add rsp, %1
   127 0000106E 50                  <2>  push rax
   373 0000106F EBD4                <1>     jmp short .exit
   374                              <1> ;Errors
   375                              <1> .unknownError:
   376 00001071 488D2D89060000      <1>     lea rbp, uknowner
   377 00001078 EB07                <1>     jmp short .critError
   378                              <1> .syntaxError:
   379 0000107A 488D2DC7050000      <1>     lea rbp, syntax
   380                              <1> .critError:
   381                              <1>     ;called with rbp already pointing to error string
   382 00001081 E992F0FFFF          <1>     jmp criticalError
   383                              <1> 
   384                              <1> next:
   385                              <1>     ;Verify that the structure on the stack is a FOR structure
   386 00001086 4889E5              <1>     mov rbp, rsp    ;Dont need to save rbp so trash it
   387 00001089 4881C508000000      <1>     add rbp, 8  ;Make it point to the base of the struc past the return address
   388                              <1>     ;Read the qword on stack, verify it is a FORstruct and passes checksum test
   389 00001090 488B5500            <1>     mov rdx, qword [rbp + forStruct.specQword]
   390 00001094 80FA5A              <1>     cmp dl, FORsig
   391 00001097 7555                <1>     jne .noForNext
   392                              <1>     ;Now compute checksum to verify its not an accident
   393 00001099 30C0                <1>     xor al, al
   394 0000109B B908000000          <1>     mov ecx, 8
   395                              <1> .checksumTest:
   396 000010A0 00D0                <1>     add al, dl
   397 000010A2 48C1EA08            <1>     shr rdx, 8
   398 000010A6 FFC9                <1>     dec ecx
   399 000010A8 75F6                <1>     jnz .checksumTest
   400 000010AA 84C0                <1>     test al, al     ;This should be 0
   401 000010AC 7540                <1>     jnz .noForNext
   402                              <1>     ;Now we are truly in a FOR loop
   403 000010AE 488B5D08            <1>     mov rbx, qword [rbp + forStruct.cntrPtr]    ;Get variable pointer
   404 000010B2 488B4304            <1>     mov rax, qword [rbx + varBlock.qValue]      ;Get variable value
   405 000010B6 483B4510            <1>     cmp rax, qword [rbp + forStruct.limitValue] ;Compare current var value to limit
   406 000010BA 7D18                <1>     jge .noMoreLooping
   407 000010BC 48034518            <1>     add rax, qword [rbp + forStruct.stepValue]  ;Add the step
   408 000010C0 48894304            <1>     mov qword [rbx + varBlock.qValue], rax      ;Update the variable value
   409                              <1>     ;Now go back to line after FOR
   410 000010C4 488B5500            <1>     mov rdx, qword [rbp + forStruct.specQword]
   411 000010C8 48C1EA28            <1>     shr rdx, 5*8    ;Move upper three bytes to lower three bytes of edx
   412                              <1> .exit:
   413                              <1>     ;Recall edx must have the correct three bytes in it from the special qword
   414 000010CC 800D(D90E0000)08    <1>     or byte [stateByte], ctrlFlow   ;Set branch bit
   415 000010D3 C3                  <1>     ret
   416                              <1> .noMoreLooping:
   417                              <1>     ;No need to update the variable, it is already above
   418 000010D4 488B5500            <1>     mov rdx, qword [rbp + forStruct.specQword]
   419 000010D8 48C1EA10            <1>     shr rdx, 2*8    ;Move bytes 4:2 to lower three bytes of edx
   420 000010DC 09D2                <1>     or edx, edx     ;Remove upper bits
   421                              <1>     ;Need to also reclaim the stack space
   422 000010DE B904000000          <1>     mov ecx, forStruct_size/8
   423                              <1>     cleanSpaceOnStack rcx
   123                              <2> 
   124 000010E3 58                  <2>  pop rax
   125 000010E4 48C1E103            <2>  shl %1, 3
   126 000010E8 4801CC              <2>  add rsp, %1
   127 000010EB 50                  <2>  push rax
   424 000010EC EBDE                <1>     jmp short .exit
   425                              <1> .noForNext:
   426 000010EE 488D2DCF050000      <1>     lea rbp, noFor
   427 000010F5 E91EF0FFFF          <1>     jmp criticalError
   428                              <1> 
   429                              <1> while:
   430                              <1>     ;First check we have a WEND following this WHILE
   431 000010FA E82BFCFFFF          <1>     call wendScan
   432 000010FF 4881FAFFFFFFFF      <1>     cmp rdx, -1
   433 00001106 7464                <1>     je .critError
   434                              <1>     ;Here we make space on the stack.
   435 00001108 B901000000          <1>     mov ecx, whileStruct_size/8
   436                              <1>     makeSpaceOnStack rcx  ;Make a qword of space on the stack
   105                              <2> 
   106                              <2> 
   107                              <2> 
   108 0000110D 58                  <2>  pop rax
   109 0000110E 48C1E103            <2>  shl %1, 3
   110 00001112 4829CC              <2>  sub rsp, %1
   111 00001115 488D2D(50000000)    <2>  lea rbp, stack
   112 0000111C 4839EC              <2>  cmp rsp, rbp
   113 0000111F 770C                <2>  ja .macroNotOverflow
   114 00001121 488D2D61050000      <2>  lea rbp, stkOvflw
   115 00001128 E9EBEFFFFF          <2>  jmp criticalError
   116                              <2> .macroNotOverflow:
   117                              <2> 
   118                              <2> 
   119 0000112D 50                  <2>  push rax
   437 0000112E 4889E5              <1>     mov rbp, rsp
   438 00001131 4881C508000000      <1>     add rbp, 8  ;Make rbp point to the base of the new struc
   439 00001138 48895500            <1>     mov qword [rbp + whileStruct.specQword], rdx  ;Move rdx into its place on the stack
   440                              <1>     ;rsi should point after the WHILE
   441 0000113C E8C4F2FFFF          <1>     call handleAlgebraicExpression  ;Get result of expression in rax
   442 00001141 488B5500            <1>     mov rdx, qword [rbp + whileStruct.specQword]    ;Get special qword back into rdx
   443 00001145 4885C0              <1>     test rax, rax   ;Zero is FALSE
   444 00001148 740C                <1>     jz .conditionFalse
   445 0000114A 48C1EA28            <1>     shr rdx, 5*8    ;Bring the upper three bytes down to eax
   446                              <1> .exit:
   447 0000114E 800D(D90E0000)08    <1>     or byte [stateByte], ctrlFlow   ;Set branch bit
   448 00001155 C3                  <1>     ret
   449                              <1> .conditionFalse:
   450                              <1>     ;If condition is false, jump to the instruction after WEND
   451                              <1>     ;Here we reclaim the space from the stack.
   452 00001156 B901000000          <1>     mov ecx, whileStruct_size/8
   453                              <1>     cleanSpaceOnStack rcx  ;Clean a qword of space on the stack
   123                              <2> 
   124 0000115B 58                  <2>  pop rax
   125 0000115C 48C1E103            <2>  shl %1, 3
   126 00001160 4801CC              <2>  add rsp, %1
   127 00001163 50                  <2>  push rax
   454 00001164 48C1EA10            <1>     shr rdx, 2*8    ;Bring bytes 4:2 down to bytes 2:0
   455 00001168 09D2                <1>     or edx, edx     ;Zero the rest of it
   456 0000116A EBE2                <1>     jmp short .exit
   457                              <1> .critError:
   458                              <1>     ;called with rbp already pointing to error string
   459 0000116C E9A7EFFFFF          <1>     jmp criticalError
   460                              <1> wend:
   461                              <1>     ;Find the While on the WHILE line and evaluate the expression
   462                              <1>     ;if true, branch to the WHILE three bytes in specialQword
   463                              <1>     ;if false, branch to WEND three bytes in specialQword and clean stack
   464                              <1>     ;First verify we have a While structure on the stack
   465 00001171 4889E5              <1>     mov rbp, rsp    ;Dont need to save rbp so trash it
   466 00001174 4881C508000000      <1>     add rbp, 8  ;Make it point to the base of the struc past the return address
   467 0000117B 488B5500            <1>     mov rdx, qword [rbp + whileStruct.specQword]
   468 0000117F 80FA55              <1>     cmp dl, WHILEsig
   469 00001182 0F858D000000        <1>     jne .noWhile
   470                              <1>     ;Now compute checksum to verify its not an accident
   471 00001188 30C0                <1>     xor al, al
   472 0000118A B908000000          <1>     mov ecx, 8
   473                              <1> .checksumTest:
   474 0000118F 00D0                <1>     add al, dl
   475 00001191 48C1CA08            <1>     ror rdx, 8
   476 00001195 FFC9                <1>     dec ecx
   477 00001197 75F6                <1>     jnz .checksumTest
   478 00001199 84C0                <1>     test al, al     ;This should be 0
   479 0000119B 7578                <1>     jnz .noWhile
   480                              <1>     ;Now we are truly in a WHILE loop
   481                              <1>     ;Search the While line for the WHILE keyword and evaluate the expression after it
   482                              <1>     ;rdx is as normal
   483 0000119D 48C1EA28            <1>     shr rdx, 5*8    ;Get upper three bytes down low
   484 000011A1 81E2FFFF0000        <1>     and edx, 0FFFFh ;Save only dx
   485 000011A7 E87B020000          <1>     call searchForProgramLine
   486 000011AC 4881FBFFFFFFFF      <1>     cmp rbx, -1
   487 000011B3 7454                <1>     je .error
   488 000011B5 488D730E            <1>     lea rsi, qword [rbx + progLineBlock.sLine] ;Point to start of string
   489                              <1> .whileScan:
   490 000011B9 803E00              <1>     cmp byte [rsi], 0   ;Are we at the end of the line
   491 000011BC 7457                <1>     je .noWhile ;If so, we have gotten to the end of the line without a while
   492 000011BE 488D3DE3F6FFFF      <1>     lea rdi, whileStr   ;Point to the while string in the table, 6 chars long
   493 000011C5 B906000000          <1>     mov ecx, 6
   494                              <1> .scanning:
   495 000011CA A6                  <1>     cmpsb
   496 000011CB 75EC                <1>     jne .whileScan
   497 000011CD FFC9                <1>     dec ecx
   498 000011CF 75F9                <1>     jnz .scanning
   499                              <1>     ;Here is equal, rsi points past the space in "WHILE "
   500 000011D1 48FFCE              <1>     dec rsi
   501 000011D4 E8D9F1FFFF          <1>     call spaceSkip  ;Skip all spaces
   502 000011D9 E827F2FFFF          <1>     call handleAlgebraicExpression  ;Get algebraic expression in rax
   503 000011DE 488B5500            <1>     mov rdx, qword [rbp + whileStruct.specQword]    ;Get special qword back into rdx
   504 000011E2 4885C0              <1>     test rax, rax
   505 000011E5 740C                <1>     jz .conditionFalse
   506 000011E7 48C1EA28            <1>     shr rdx, 5*8    ;Bring the upper three bytes down to eax
   507                              <1> .exit:
   508 000011EB 800D(D90E0000)08    <1>     or byte [stateByte], ctrlFlow   ;Set branch bit
   509 000011F2 C3                  <1>     ret
   510                              <1> .conditionFalse:
   511                              <1>     ;If condition is false, go to the instruction after WEND
   512                              <1>     ;Here we reclaim the space from the stack.
   513 000011F3 B901000000          <1>     mov ecx, whileStruct_size/8
   514                              <1>     cleanSpaceOnStack rcx  ;Clean a qword of space on the stack
   123                              <2> 
   124 000011F8 58                  <2>  pop rax
   125 000011F9 48C1E103            <2>  shl %1, 3
   126 000011FD 4801CC              <2>  add rsp, %1
   127 00001200 50                  <2>  push rax
   515 00001201 48C1EA10            <1>     shr rdx, 2*8    ;Bring bytes 4:2 down to bytes 2:0
   516 00001205 09D2                <1>     or edx, edx     ;Zero the rest of it
   517 00001207 EBE2                <1>     jmp short .exit
   518                              <1> .error:
   519 00001209 488D2DF1040000      <1>     lea rbp, uknowner
   520 00001210 E903EFFFFF          <1>     jmp criticalError
   521                              <1> .noWhile:
   522 00001215 488D2D93040000      <1>     lea rbp, noWhile
   523 0000121C E9F7EEFFFF          <1>     jmp criticalError
   524                              <1> 
   525                              <1> handleIf:
   526                              <1> ;Evaluate the string. The IF,THEN/GOTO,ELSE statement must ALL be on one line
   527                              <1> ;IF exp1 THEN statement ELSE statement
   528                              <1> ;IF exp1 GOTO linenumber ELSE statement
   529                              <1> ;rsi points to first char AFTER function name
   530 00001221 E88CF1FFFF          <1>     call spaceSkip
   531 00001226 E8DAF1FFFF          <1>     call handleAlgebraicExpression
   532 0000122B 4885C0              <1>     test rax, rax  ;If this is 0, go to the else
   533 0000122E 7425                <1>     jz .else
   534 00001230 E87DF1FFFF          <1>     call spaceSkip
   535 00001235 AD                  <1>     lodsd   ;Get the whole word, must be either "THEN " or "GOTO "
   536 00001236 3D5448454E          <1>     cmp eax, "THEN"
   537 0000123B 7442                <1>     je .hi0   ; Go past THEN, to process statement
   538 0000123D 3D474F544F          <1>     cmp eax, "GOTO"
   539 00001242 7569                <1>     jne .error
   540 00001244 803E20              <1>     cmp byte [rsi], " " ;is the next char a space?
   541 00001247 7564                <1>     jne .error
   542 00001249 E980FCFFFF          <1>     jmp goto
   543                              <1> .candidatethen:
   544 0000124E 803E20              <1>     cmp byte [rsi], " " ;is the next char a space?
   545 00001251 742C                <1>     je .hi0
   546 00001253 EB58                <1>     jmp short .error
   547                              <1> .else:
   548                              <1>     ;Search for the ELSE, it has to be preceeded with a space and have a space after
   549 00001255 803E00              <1>     cmp byte [rsi], 0 ;Are we at end of line?
   550 00001258 7452                <1>     je .noElse
   551 0000125A 803E3A              <1>     cmp byte [rsi], ":" ;Are we at end line segment?
   552 0000125D 744D                <1>     je .noElse
   553 0000125F 48FFC6              <1>     inc rsi
   554 00001262 813E20454C53        <1>     cmp dword [rsi], " ELS"
   555 00001268 75EB                <1>     jne .else
   556 0000126A 4881C604000000      <1>     add rsi, 4  ;Skip those four chars, we have a candidate
   557 00001271 66813E4520          <1>     cmp word [rsi], "E "
   558 00001276 75DD                <1>     jne .else   ;If not equal failed to match pattern
   559 00001278 4881C602000000      <1>     add rsi, 2  ;Else its the ELSE we are looking for, move rsi to first space past it
   560                              <1> .hi0:
   561                              <1> ;Now we do the branchy stuff, branch to the same line just further down
   562 0000127F 668B15(F40E0000)    <1>     mov dx, word [currentLine]
   563 00001286 E89C010000          <1>     call searchForProgramLine
   564 0000128B 4881FBFFFFFFFF      <1>     cmp rbx, -1 ;Does the line not exist somehow?
   565 00001292 7419                <1>     je .error
   566 00001294 4889F0              <1>     mov rax, rsi    ;Save pointer in rax
   567 00001297 488D4B0E            <1>     lea rcx, qword [rbx + progLineBlock.sLine] ;Get the difference in chars
   568 0000129B 4829C8              <1>     sub rax, rcx
   569 0000129E 24FF                <1>     and al, -1  ;Save only bottom byte as the difference should be less than 255
   570 000012A0 C1E010              <1>     shl eax, 10h ;Shift to byte 3
   571 000012A3 09C2                <1>     or edx, eax ;Save the offset into byte 3
   572 000012A5 800D(D90E0000)08    <1>     or byte [stateByte], ctrlFlow   ;Set branch bit
   573                              <1> .noElse:
   574                              <1> ;If no else, simply return
   575 000012AC C3                  <1>     ret
   576                              <1> .error:
   577 000012AD 488D1D94030000      <1>     lea rbx, syntax
   578 000012B4 E95FEEFFFF          <1>     jmp criticalError
    12                                  %include "./src/MATH.ASM"
     1                              <1> decimalToHex:
     2                              <1>     ;Takes ASCII encoded decimal number and 
     3                              <1>     ;returns its hex value
     4                              <1>     ;Input: rsi = Start of numeric ONLY string
     5                              <1>     ;Output: rax = Number
     6                              <1>     ;        rsi = First non-numeric char past end of number
     7 000012B9 53                  <1>     push rbx
     8 000012BA 51                  <1>     push rcx
     9 000012BB 52                  <1>     push rdx
    10 000012BC 31DB                <1>     xor ebx, ebx    ;Start with rbx = 0
    11                              <1> .processDigits:    
    12 000012BE AC                  <1>     lodsb           ;Get the first digit in al
    13 000012BF 2C30                <1>     sub al, 30h     ;Reduce to value
    14 000012C1 31D2                <1>     xor edx, edx    ;Clear for multiplication
    15 000012C3 3C0A                <1>     cmp al, 10      ;Digit valid? Propagte CF
    16 000012C5 480FB6C0            <1>     movzx rax, al   ;Clear upper bits
    17 000012C9 4893                <1>     xchg rax, rbx
    18 000012CB 730D                <1>     jnc .exit       ;Digit was not valid, exit
    19 000012CD B90A000000          <1>     mov ecx, 10     ;Multiply result by 10
    20 000012D2 48F7E1              <1>     mul rcx
    21 000012D5 4801C3              <1>     add rbx, rax    ;Add the new digits
    22 000012D8 EBE4                <1>     jmp short .processDigits
    23                              <1> .exit:
    24 000012DA 48FFCE              <1>     dec rsi         ;rsi points to first non-digit
    25 000012DD 5A                  <1>     pop rdx
    26 000012DE 59                  <1>     pop rcx
    27 000012DF 5B                  <1>     pop rbx
    28 000012E0 C3                  <1>     ret
    29                              <1> 
    30                              <1> printdecimalword:
    31                              <1> ;Takes the qword in rax and prints its signed decimal representation
    32 000012E1 50                  <1>     push rax
    33 000012E2 53                  <1>     push rbx
    34 000012E3 488D3D(980E0000)    <1>     lea rdi, digitString   ;Use the default line as a buffer
    35                              <1>     ;Sanitise the digit buffer
    36 000012EA 57                  <1>     push rdi
    37 000012EB 51                  <1>     push rcx
    38 000012EC 50                  <1>     push rax
    39                              <1> 
    40 000012ED B906000000          <1>     mov ecx, digitStringLen/8
    41 000012F2 F348AB              <1>     rep stosq
    42 000012F5 58                  <1>     pop rax
    43 000012F6 59                  <1>     pop rcx
    44 000012F7 5F                  <1>     pop rdi
    45                              <1> 
    46 000012F8 50                  <1>     push rax    ;Save rax for the sign bit later
    47 000012F9 48D1C0              <1>     rol rax, 1  ;Test the sign bit
    48 000012FC A801                <1>     test al, 1
    49 000012FE 48D1C8              <1>     ror rax, 1  ;Undo the roll
    50 00001301 7403                <1>     jz .noCompliment
    51 00001303 48F7D8              <1>     neg rax     ;Get the 2's compliment of rax
    52                              <1> ;Clear the sign bit, print the number from bits 62:0
    53                              <1> .noCompliment:
    54 00001306 48D1E0              <1>     shl rax, 1  ;Go past the edge
    55 00001309 48D1E8              <1>     shr rax, 1  ;Return zero extended
    56 0000130C 4881C72F000000      <1>     add rdi, digitStringLen - 1 ;Go to the end of the buffer
    57 00001313 FD                  <1>     std ;Reverse string ops
    58 00001314 50                  <1>     push rax
    59 00001315 30C0                <1>     xor al, al  ;Place delimiter
    60 00001317 AA                  <1>     stosb
    61 00001318 58                  <1>     pop rax
    62 00001319 48BB0A000000000000- <1>     mov rbx, 0Ah  ;Divide by 10
    62 00001322 00                  <1>
    63                              <1> .pdw0:
    64 00001323 31D2                <1>     xor edx, edx
    65 00001325 48F7F3              <1>     div rbx
    66 00001328 80C230              <1>     add dl, '0'
    67 0000132B 80FA39              <1>     cmp dl, '9'
    68 0000132E 7603                <1>     jbe .pdw1
    69 00001330 80C207              <1>     add dl, 'A'-'0'-10
    70                              <1> .pdw1:
    71 00001333 50                  <1>     push rax
    72 00001334 88D0                <1>     mov al, dl    ;Save remainder byte
    73 00001336 AA                  <1>     stosb   ;Store the byte and sub one from rdi
    74 00001337 58                  <1>     pop rax
    75 00001338 4885C0              <1>     test rax, rax
    76 0000133B 75E6                <1>     jnz .pdw0
    77                              <1> 
    78                              <1>     ;Now add a minus sign if sign bit set
    79 0000133D 58                  <1>     pop rax ;Get the original for the sign bit
    80 0000133E 48D1C0              <1>     rol rax, 1  ;Bring the sign bit low
    81 00001341 A801                <1>     test al, 1
    82 00001343 7403                <1>     jz .printString
    83 00001345 B02D                <1>     mov al, "-"
    84 00001347 AA                  <1>     stosb   ;Store minus sign and decrement rdi
    85                              <1> .printString:
    86 00001348 FC                  <1>     cld ;Return string ops to normal
    87 00001349 48FFC7              <1>     inc rdi ;Skip the extra 0 that was inserted
    88 0000134C 4889FD              <1>     mov rbp, rdi    ;Point rbp to the head of the string
    89 0000134F E8A1EEFFFF          <1>     call ttyOutString
    90 00001354 5B                  <1>     pop rbx
    91 00001355 58                  <1>     pop rax
    92 00001356 C3                  <1>     ret
    13                                  %include "./src/MEMORY.ASM"
     1                              <1> allocateBlock:
     2                              <1> ;Allocates a program memory block, the caller then fixes the specifics
     3                              <1> ;Output: rbx = Pointer to generic memory block, or -1 if memory full
     4                              <1> ;       Caller needs to fill in, block size, block type and specifics
     5 00001357 52                  <1>     push rdx
     6                              <1> .ab0:
     7 00001358 488B1D(E20E0000)    <1>     mov rbx, qword [lastBlock]    ;Get the last block in the chain
     8 0000135F 4881FBFFFFFFFF      <1>     cmp rbx, -1 ;First allocation?
     9 00001366 742F                <1>     je .firstAllocation
    10 00001368 C60374              <1>     mov byte [rbx + memBlock.bSignature], notLastMemBlock ;Make it not be the last
    11 0000136B 480FB75301          <1>     movzx rdx, word [rbx + memBlock.wBlockSize] ;Goto end of block
    12 00001370 4801D3              <1>     add rbx, rdx    ;Move rbx over the previous last block
    13 00001373 488B15(D00E0000)    <1>     mov rdx, qword [maxMemAddr]
    14 0000137A 4839D3              <1>     cmp rbx, rdx ;rbx above maxmemory? 
    15 0000137D 770C                <1>     ja .memoryFull
    16 0000137F 48891D(E20E0000)    <1>     mov qword [lastBlock], rbx  ;New last block
    17 00001386 C60372              <1>     mov byte [rbx + memBlock.bSignature], lastMemBlock
    18                              <1> .exit:
    19 00001389 5A                  <1>     pop rdx
    20 0000138A C3                  <1>     ret
    21                              <1> .memoryFull:
    22 0000138B 48BBFFFFFFFFFFFFFF- <1>     mov rbx, -1
    22 00001394 FF                  <1>
    23 00001395 EBF2                <1>     jmp short .exit
    24                              <1> .firstAllocation:
    25                              <1> ;Deal with first allocation
    26 00001397 488D1D(00000000)    <1>     lea rbx, section.programArea.vstart   ;Get this as the head of the chain
    27 0000139E 48891D(E20E0000)    <1>     mov qword [lastBlock], rbx
    28 000013A5 48891D(DA0E0000)    <1>     mov qword [mcbChain], rbx
    29 000013AC C60372              <1>     mov byte [rbx + memBlock.bSignature], lastMemBlock
    30 000013AF 66C743010000        <1>     mov word [rbx + memBlock.wBlockSize], 0 ;Dummy block
    31 000013B5 EBD2                <1>     jmp short .exit
    32                              <1> 
    33                              <1> findVariable:
    34                              <1> ;Input: rsi = Source string for variable name
    35                              <1> ;       ecx = Length of variable name (max 40)
    36                              <1> ;Output: rbx = ptr to varBlock/strBlock OR -1 if doesnt exist
    37 000013B7 50                  <1>     push rax
    38 000013B8 51                  <1>     push rcx
    39 000013B9 52                  <1>     push rdx
    40 000013BA 56                  <1>     push rsi
    41 000013BB 57                  <1>     push rdi
    42 000013BC 488B1D(DA0E0000)    <1>     mov rbx, qword [mcbChain]   ;Start of the chain
    43 000013C3 4881FBFFFFFFFF      <1>     cmp rbx, -1 ;Chain empty?
    44 000013CA 7446                <1>     je .exit
    45                              <1> .search:
    46 000013CC 807B0301            <1>     cmp byte [rbx + memBlock.bBlockType], varBlockType
    47 000013D0 7415                <1>     je .varFound    ;We found a numerical variable
    48 000013D2 807B0302            <1>     cmp byte [rbx + memBlock.bBlockType], datBlockType
    49 000013D6 741E                <1>     je .datFound    ;We found a string variable
    50                              <1> .invalid:
    51                              <1>     ;Are we at the end of the chain?
    52 000013D8 803B72              <1>     cmp byte [rbx + memBlock.bSignature], lastMemBlock
    53 000013DB 742B                <1>     je .varNotFound ;At the end of the chain and var not found? Error!
    54 000013DD 480FB75301          <1>     movzx rdx, word [rbx + memBlock.wBlockSize]
    55 000013E2 4801D3              <1>     add rbx, rdx    ;Goto next block
    56 000013E5 EBE5                <1>     jmp short .search
    57                              <1> .varFound:
    58                              <1>     ;Compare to see the var is our var
    59 000013E7 488D7B0C            <1>     lea rdi, qword [rbx + varBlock.sVarName] ;point rdi to the name string
    60 000013EB 51                  <1>     push rcx
    61 000013EC 56                  <1>     push rsi
    62 000013ED F3A6                <1>     repe cmpsb  ;Compare one byte at a time
    63 000013EF 5E                  <1>     pop rsi
    64 000013F0 59                  <1>     pop rcx
    65 000013F1 75E5                <1>     jne .invalid
    66 000013F3 F8                  <1>     clc
    67 000013F4 EB1C                <1>     jmp short .exit
    68                              <1> .datFound:
    69 000013F6 488DBB04010000      <1>     lea rdi, qword [rbx + stringBlock.sVarName] ;point rdi to the name string
    70 000013FD 51                  <1>     push rcx
    71 000013FE 56                  <1>     push rsi
    72 000013FF F3A6                <1>     repe cmpsb  ;Compare one byte at a time
    73 00001401 5E                  <1>     pop rsi
    74 00001402 59                  <1>     pop rcx
    75 00001403 75D3                <1>     jne .invalid
    76 00001405 F8                  <1>     clc
    77 00001406 EB0A                <1>     jmp short .exit
    78                              <1> .varNotFound:
    79 00001408 48BBFFFFFFFFFFFFFF- <1>     mov rbx, -1
    79 00001411 FF                  <1>
    80                              <1> .exit:
    81 00001412 5F                  <1>     pop rdi
    82 00001413 5E                  <1>     pop rsi
    83 00001414 5A                  <1>     pop rdx
    84 00001415 59                  <1>     pop rcx
    85 00001416 58                  <1>     pop rax
    86 00001417 C3                  <1>     ret
    87                              <1> 
    88                              <1> findFirstLine:
    89                              <1> ;Output: rbx = Pointer to the first program block
    90                              <1> ;         dx = Number of the first line
    91 00001418 488B1D(EA0E0000)    <1>     mov rbx, qword [firstLinPtr]
    92 0000141F 668B15(F20E0000)    <1>     mov dx, word [firstLinNum]
    93 00001426 C3                  <1>     ret
    94                              <1> 
    95                              <1> ;FIRST SEARCH FOR A LINE NUMBER BEFORE INSERTING IT INTO THE CHAIN
    96                              <1> ;IF THE LINE NUMBER IS FOUND, REPLACE THE COMMAND STRING
    97                              <1> 
    98                              <1> searchForProgramLine:
    99                              <1> ;Walk the program chain looking to see if a line number exists. If it does,
   100                              <1> ; return a pointer to the block in rbx. If it doesn't, return -1 in rbx
   101                              <1> ;Input: dx = Line number
   102                              <1> ;Output: rbx = Pointer to program block 
   103 00001427 488B1D(EA0E0000)    <1>     mov rbx, qword [firstLinPtr]
   104 0000142E 4881FBFFFFFFFF      <1>     cmp rbx, -1
   105 00001435 7413                <1>     je .lineFound
   106                              <1> .search:
   107 00001437 66395304            <1>     cmp word [rbx + progLineBlock.wLineNum], dx ;Equal line numbers?
   108 0000143B 740D                <1>     je .lineFound
   109 0000143D 488B5B06            <1>     mov rbx, qword [rbx + progLineBlock.qPtr]   ;Walk chain
   110 00001441 4881FBFFFFFFFF      <1>     cmp rbx, -1
   111 00001448 75ED                <1>     jne .search ;Not -1? Keep searching
   112                              <1> .lineFound:
   113 0000144A C3                  <1>     ret
   114                              <1> 
   115                              <1> insertProgramLine:
   116                              <1> ;Walk the program chain looking for the biggest number less than our
   117                              <1> ; line number. Once we have reached the end of the chain, insert the block there, or
   118                              <1> ; if there is no block, then we are the last in the chain
   119                              <1> ;Input: rsi = New Program Block to be added
   120 0000144B 50                  <1>     push rax
   121 0000144C 53                  <1>     push rbx
   122 0000144D 51                  <1>     push rcx
   123 0000144E 52                  <1>     push rdx
   124 0000144F 57                  <1>     push rdi
   125 00001450 E8C3FFFFFF          <1>     call findFirstLine  ;Get start of program in rbx and line number in dx
   126                              <1> ;First check if we should be the first line
   127                              <1> 
   128 00001455 668B4E04            <1>     mov cx, word [rsi + progLineBlock.wLineNum] ;Save line number in cx
   129 00001459 4881FBFFFFFFFF      <1>     cmp rbx, -1 ;Empty program marker
   130 00001460 744D                <1>     je .first
   131 00001462 6639D1              <1>     cmp cx, dx  ;If cx is below dx, then our entry is first
   132 00001465 7248                <1>     jb .first    
   133                              <1> ;Use ax as the best line number and rdi as the pointer to that block
   134 00001467 66B8FFFF            <1>     mov ax, -1  ;Marker to indicate no insertion
   135                              <1> .walk:
   136 0000146B 48817B06FFFFFFFF    <1>     cmp qword [rbx + progLineBlock.qPtr], -1    ;We are at the end
   137 00001473 7419                <1>     je .sort
   138 00001475 488B5B06            <1>     mov rbx, qword [rbx + progLineBlock.qPtr] ;Walk chain in rbx
   139 00001479 663B4B04            <1>     cmp cx, word [rbx + progLineBlock.wLineNum]
   140 0000147D 77EC                <1>     ja .walk    ;If line number is above my line number, keep walking
   141                              <1> .candidate:
   142                              <1>     ;If the new line number is below the old line number, reject
   143 0000147F 663B4304            <1>     cmp ax, word [rbx + progLineBlock.wLineNum]
   144 00001483 72E6                <1>     jb .walk
   145 00001485 4889DF              <1>     mov rdi, rbx
   146 00001488 668B4304            <1>     mov ax, word [rbx + progLineBlock.wLineNum]
   147 0000148C EBDD                <1>     jmp short .walk
   148                              <1> .sort:
   149 0000148E 66FFC0              <1>     inc ax  ;If no candidates, exit
   150 00001491 740E                <1>     jz .skipLink
   151                              <1>     ;rdi points to the previous line to link to
   152 00001493 488B5706            <1>     mov rdx, qword [rdi + progLineBlock.qPtr]
   153 00001497 48897706            <1>     mov qword [rdi + progLineBlock.qPtr], rsi   ;Insert self here
   154 0000149B 48895606            <1>     mov qword [rsi + progLineBlock.qPtr], rdx   ;Link new block to next line
   155 0000149F EB20                <1>     jmp short .exit
   156                              <1> .skipLink:
   157 000014A1 48897306            <1>     mov qword [rbx + progLineBlock.qPtr], rsi   ;Link rsi to last element in list
   158 000014A5 48C74606FFFFFFFF    <1>     mov qword [rsi + progLineBlock.qPtr], -1    ;End of chain marker
   159 000014AD EB12                <1>     jmp short .exit
   160                              <1> .first:
   161 000014AF 488935(EA0E0000)    <1>     mov qword [firstLinPtr], rsi
   162 000014B6 66890D(F20E0000)    <1>     mov word [firstLinNum], cx
   163 000014BD 48895E06            <1>     mov qword [rsi + progLineBlock.qPtr], rbx   ;Put the old first line as second line
   164                              <1> .exit:
   165 000014C1 5F                  <1>     pop rdi
   166 000014C2 5A                  <1>     pop rdx
   167 000014C3 59                  <1>     pop rcx
   168 000014C4 5B                  <1>     pop rbx
   169 000014C5 58                  <1>     pop rax
   170 000014C6 C3                  <1>     ret
   171                              <1> 
   172                              <1> makeEditInteger:
   173                              <1> ;Will make a variable if it is new name, or edit the value if it already exists
   174                              <1> ;Input: rsi = Var name
   175                              <1> ;       (e)cx = Length of varname, max 40 chars
   176                              <1> ;       rax = Value
   177 000014C7 E8EBFEFFFF          <1>     call findVariable   ;rbx returned with var block or -1
   178 000014CC 4881FBFFFFFFFF      <1>     cmp rbx, -1
   179 000014D3 7405                <1>     je .newVar
   180 000014D5 48894304            <1>     mov qword [rbx + varBlock.qValue], rax
   181 000014D9 C3                  <1>     ret
   182                              <1> .newVar:
   183 000014DA E878FEFFFF          <1>     call allocateBlock
   184 000014DF 4881FBFFFFFFFF      <1>     cmp rbx, -1
   185 000014E6 741E                <1>     je .error
   186 000014E8 48894304            <1>     mov qword [rbx + varBlock.qValue], rax  ;Save value
   187 000014EC 66894B01            <1>     mov word [rbx + varBlock.wBlockSize], cx    ;Save length of name
   188 000014F0 668143010C00        <1>     add word [rbx + varBlock.wBlockSize], varBlock_size ;Add full block size
   189 000014F6 C6430301            <1>     mov byte [rbx + varBlock.bBlockType], varBlockType  ;Block type
   190 000014FA 57                  <1>     push rdi
   191 000014FB 488D7B0C            <1>     lea rdi, qword [rbx + varBlock.sVarName]
   192 000014FF E87B000000          <1>     call strcpy ;Copy the string name into block buffer
   193 00001504 5F                  <1>     pop rdi
   194 00001505 C3                  <1>     ret
   195                              <1> .error:
   196 00001506 488D2D2B010000      <1>     lea rbp, noMem
   197 0000150D E906ECFFFF          <1>     jmp criticalError
   198                              <1> makeEditString:
   199                              <1> ;Will make a string if it is new name, or replace the string. Strings are null termin
   200                              <1> ;Input: rsi = Var name
   201                              <1> ;       ecx = Length of varname, max 40 chars
   202                              <1> ;       rdx = Ptr to string itself
   203 00001512 57                  <1>     push rdi
   204 00001513 56                  <1>     push rsi
   205 00001514 50                  <1>     push rax
   206 00001515 53                  <1>     push rbx
   207 00001516 E89CFEFFFF          <1>     call findVariable   ;rbx returned with string block or -1
   208 0000151B 4881FBFFFFFFFF      <1>     cmp rbx, -1
   209 00001522 7528                <1>     jne .strcopy
   210 00001524 E82EFEFFFF          <1>     call allocateBlock
   211 00001529 4881FBFFFFFFFF      <1>     cmp rbx, -1
   212 00001530 742E                <1>     je .error
   213 00001532 66894B01            <1>     mov word [rbx + stringBlock.wBlockSize], cx    ;Save length of name
   214 00001536 668143010401        <1>     add word [rbx + stringBlock.wBlockSize], stringBlock_size ;Add full block size
   215 0000153C C6430302            <1>     mov byte [rbx + stringBlock.bBlockType], datBlockType  ;Block type
   216 00001540 488DBB04010000      <1>     lea rdi, qword [rbx + stringBlock.sVarName]
   217 00001547 E833000000          <1>     call strcpy ;Copy the string name into block buffer
   218                              <1> .strcopy:
   219 0000154C 488D7B04            <1>     lea rdi, qword [rbx + stringBlock.string]   ;point to string space
   220 00001550 4889D6              <1>     mov rsi, rdx    ;Point rsi to the string itself
   221 00001553 E814000000          <1>     call terminatedstrcpy
   222 00001558 30C0                <1>     xor al, al
   223 0000155A AA                  <1>     stosb   ;Store the null delimiter
   224 0000155B 5B                  <1>     pop rbx
   225 0000155C 58                  <1>     pop rax
   226 0000155D 5E                  <1>     pop rsi
   227 0000155E 5F                  <1>     pop rdi
   228 0000155F C3                  <1>     ret
   229                              <1> .error:
   230 00001560 488D2DD1000000      <1>     lea rbp, noMem
   231 00001567 E9ACEBFFFF          <1>     jmp criticalError
   232                              <1> ;------------------------------------------------:
   233                              <1> ;  The below are misc memory related functions   :
   234                              <1> ;------------------------------------------------:
   235                              <1> terminatedstrcpy:
   236                              <1> ;rdi = Destination String
   237                              <1> ;rsi = Source String
   238                              <1> ;Copy a terminated string
   239 0000156C 50                  <1>     push rax
   240                              <1> .copy:
   241 0000156D AC                  <1>     lodsb   ;Get char in al and inc rsi
   242 0000156E 3C00                <1>     cmp al, 0
   243 00001570 740B                <1>     je .exit
   244 00001572 3C3A                <1>     cmp al, ":"
   245 00001574 7407                <1>     je .exit
   246 00001576 3C22                <1>     cmp al, 22h ;Speechmark
   247 00001578 7403                <1>     je .exit
   248 0000157A AA                  <1>     stosb   ;Save char from al and inc rdi
   249 0000157B EBF0                <1>     jmp short .copy 
   250                              <1> .exit:
   251 0000157D 58                  <1>     pop rax
   252 0000157E C3                  <1>     ret
   253                              <1> strcpy:
   254                              <1> ;rdi = Destination string
   255                              <1> ;rsi = Source string
   256                              <1> ;rcx = Number of Chars to copy
   257 0000157F 57                  <1>     push rdi
   258 00001580 56                  <1>     push rsi
   259 00001581 51                  <1>     push rcx
   260 00001582 F3A4                <1>     rep movsb
   261 00001584 59                  <1>     pop rcx
   262 00001585 5E                  <1>     pop rsi
   263 00001586 5F                  <1>     pop rdi
   264 00001587 C3                  <1>     ret
   265                              <1> strlen:
   266                              <1> ;Input: rsi = String start
   267                              <1> ;Output: rsi = String start
   268                              <1> ;        ecx = String length, inclusive of NULL char
   269 00001588 50                  <1>     push rax
   270 00001589 57                  <1>     push rdi
   271 0000158A 4889F7              <1>     mov rdi, rsi
   272 0000158D B812120000          <1>     mov eax, 1212h  ;DOS strlen
   273 00001592 CD2F                <1>     int 2fh
   274 00001594 5F                  <1>     pop rdi
   275 00001595 58                  <1>     pop rax
   276 00001596 C3                  <1>     ret
    14                                  %include "./data/BASICDAT.ASM"
     1 00001597 4F6B0A0D00          <1> prompt  db "Ok",LF,CR,0
     2 0000159C 53435220494E544241- <1> mainmsg db "SCR INTBASIC/64 v0.1",LF,CR,0
     2 000015A5 5349432F3634207630- <1>
     2 000015AE 2E310A0D00          <1>
     3 000015B3 436F70797269676874- <1> cpyrt   db "Copyright (c) 2022, 2024 Yll Buzoku",LF,CR, "All rights reserved.",CR,LF,0
     3 000015BC 202863292032303232- <1>
     3 000015C5 2C203230323420596C- <1>
     3 000015CE 6C2042757A6F6B750A- <1>
     3 000015D7 0D416C6C2072696768- <1>
     3 000015E0 747320726573657276- <1>
     3 000015E9 65642E0D0A00        <1>
     4 000015EF 204279746573206672- <1> bytemsg db " Bytes free",LF,CR,0
     4 000015F8 65650A0D00          <1>
     5 000015FD 0A0D00              <1> crlf    db LF,CR,0
     6 00001600 4572726F720A0D00    <1> errmsg  db "Error",LF,CR,0
     7 00001608 303132333435363738- <1> numbers db "0123456789"
     7 00001611 39                  <1>
     8                              <1> ;startVarChars db "ABCDEFGHIJKLMNOPQRSTUVWXYZ" ;Valid starting chars for a var name
     9                              <1> ;numStartVarChars equ $ - startVarChars
    10 00001612 414243444546474849- <1> varChrs db "ABCDEFGHIJKLMNOPQRSTUVWXYZ0123456789%$" ;Valid inner chars for var name
    10 0000161B 4A4B4C4D4E4F505152- <1>
    10 00001624 535455565758595A30- <1>
    10 0000162D 313233343536373839- <1>
    10 00001636 2524                <1>
    11                              <1> numVarChars equ $ - varChrs
    12                              <1> ;% => Integer variable (8 bytes)
    13                              <1> ;! => Single-Precision, Unused and ignored
    14                              <1> ;# => Double-Precision, Unused and ignored
    15                              <1> ;$ => String variable
    16                              <1> 
    17                              <1> ;Error Messages
    18 00001638 4F7574206F66206D65- <1> noMem   db "Out of memory",LF,CR,0
    18 00001641 6D6F72790A0D00      <1>
    19 00001648 53796E746178206572- <1> syntax  db "Syntax error",LF,CR,0
    19 00001651 726F720A0D00        <1>
    20 00001657 54797065206D69736D- <1> typeError   db "Type mismatch",LF,CR,0
    20 00001660 617463680A0D00      <1>
    21 00001667 556E646566696E6564- <1> lineNoXist  db "Undefined line number",LF,CR,0
    21 00001670 206C696E65206E756D- <1>
    21 00001679 6265720A0D00        <1>
    22 0000167F 427265616B20696E20- <1> breakmsg db "Break in ",0
    22 00001688 00                  <1>
    23 00001689 537461636B206F7665- <1> stkOvflw db "Stack overflow",LF,CR,0
    23 00001692 72666C6F770A0D00    <1>
    24                              <1> 
    25 0000169A 5748494C4520776974- <1> noWend   db "WHILE without WEND", LF, CR, 0
    25 000016A3 686F75742057454E44- <1>
    25 000016AC 0A0D00              <1>
    26 000016AF 57454E442077697468- <1> noWhile  db "WEND without WHILE", LF, CR, 0
    26 000016B8 6F7574205748494C45- <1>
    26 000016C1 0A0D00              <1>
    27 000016C4 4E4558542077697468- <1> noFor    db "NEXT without FOR", LF, CR, 0
    27 000016CD 6F757420464F520A0D- <1>
    27 000016D6 00                  <1>
    28 000016D7 464F5220776974686F- <1> noNext   db "FOR without NEXT", LF, CR, 0
    28 000016E0 7574204E4558540A0D- <1>
    28 000016E9 00                  <1>
    29 000016EA 52455455524E207769- <1> noReturn db "RETURN without GOSUB", LF, CR, 0
    29 000016F3 74686F757420474F53- <1>
    29 000016FC 55420A0D00          <1>
    30 00001701 556E7072696E746162- <1> uknowner db "Unprintable error", LF, CR, 0
    30 0000170A 6C65206572726F720A- <1>
    30 00001713 0D00                <1>
    31                              <1> 
    32 00001715 4469766973696F6E20- <1> divZer   db "Division by zero", LF, CR, 0
    32 0000171E 6279207A65726F0A0D- <1>
    32 00001727 00                  <1>
    15                                  Segment dSeg nobits valign=10h vfollows=.text       ;Para aligned
    16                                  %include "./data/BSS.ASM"
     1 00000000 <res 50h>           <1> oflowbuff   resq 10        ;10 Qwords of overflow buffer
     2                              <1> ;rsp should never get here when operating in a program.
     3                              <1> ;Only acceptable to be used when processing a line
     4 00000050 <res D40h>          <1> stack       resq 200h - 8 - 10*8  ;Save total 4Kb stack space
     5 00000D90 ????????????????    <1> stacktop    resq 1
     6                              <1> 
     7 00000D98 <res 100h>          <1> inString    resb maxLineLen         ;256 character input string
     8                              <1> 
     9                              <1> ;This string is used for printing long numbers and saving
    10                              <1> ; the variable names for string comparisons
    11                              <1> digitStringLen  equ 48
    12 00000E98 <res 30h>           <1> digitString resb digitStringLen     
    13                              <1> 
    14 00000EC8 ????????????????    <1> minMemAddr  resq 1  ;Pointer from where to start allocating memory blocks
    15 00000ED0 ????????????????    <1> maxMemAddr  resq 1  ;Pointer to the byte past which we cannot allocate anything
    16                              <1> ;==============================================================================
    17                              <1> ;This is the SDA for each program and must be included in the program area
    18                              <1> ; once we add the ability to save the program to disk.
    19                              <1> ;==============================================================================
    20                              <1> 
    21                              <1> ;void* mcbChain, lastBlock, firstLinPtr = -1 => New program, empty entries
    22                              <1> 
    23 00000ED8 ??                  <1> strLen      resb 1  ;Counter for number of chars entered in string
    24 00000ED9 ??                  <1> stateByte   resb 1  ;Bit 0 => Break Set, stop processing after end of current line
    25 00000EDA ????????????????    <1> mcbChain    resq 1  ;Pointer to the start of the chain
    26 00000EE2 ????????????????    <1> lastBlock   resq 1  ;Pointer to the last block
    27 00000EEA ????????????????    <1> firstLinPtr resq 1  ;Pointer to the programs' first line 
    28 00000EF2 ????                <1> firstLinNum resw 1  ;Line number of the first line of the program
    29 00000EF4 ????                <1> currentLine resw 1  ;Currently being executed line number
    17                                  Segment programArea align=1 vfollows=dSeg valign=16 ;Para aligned
